:100000000080022005200000712000007120000007
:10001000712000007120000071200000000000002D
:10002000000000000000000000000000712000003F
:10003000712000000000000071200000712000000D
:10004000712000007120000071200000712000006C
:1000500071200000000000007120000071200000ED
:10006000712000007120000071200000712000004C
:10007000712000007120000071200000712000003C
:100080007120000073030000B10300007120000024
:10009000712000007120000071200000712000001C
:1000A000712000007120000071200000712000000C
:1000B00071200000712000007120000071200000FC
:1000C00071200000712000007120000071200000EC
:1000D00071200000712000007120000071200000DC
:1000E00071200000712000007120000071200000CC
:1000F000712000000000000071200000712000004D
:1001000071200000712000007120000071200000AB
:10011000712000007120000071200000712000009B
:10012000712000007120000071200000712000008B
:10013000712000000000000071200000000000009D
:10014000712000007120000071200000712000006B
:1001500071200000000000007120000071200000EC
:10016000712000007120000071200000712000004B
:10017000712000007120000071200000712000003B
:1001800071200000712000007120000000000000BC
:10019000712000007120000071200000712000001B
:1001A000712000007120000071200000000000009C
:1001B000712000007120000000000000000000001D
:1001C000000000000000000000000000000000002F
:1001D000000000007120000071200000712000006C
:1001E00071200000712000007120000071200000CB
:1001F000712000000348044B834202D0034B03B13B
:1002000018477047F0060020F006002000000000AC
:100210000548064B1B1AD90F01EBA301491002D068
:10022000034B03B118477047F0060020F00600208A
:100230000000000010B5064C237843B9FFF7DAFF41
:10024000044B13B10448AFF300800123237010BDA9
:10025000F006002000000000B09D000008B5044B2F
:100260001BB104490448AFF30080BDE80840CFE764
:1002700000000000F4060020B09D0000A3F5803AC5
:10028000704700BF154B002B08BF114B9D46FFF771
:10029000F5FF00218B460F461148124A121A01F051
:1002A00087FF0C4B002B00D098470B4B002B00D046
:1002B00098470020002104000D000B4801F0D4FFF6
:1002C00001F0D8FE2000290000F0D2F801F0BEFFB6
:1002D0000000080000000000000000000080022074
:1002E000F0060020200A00208921000080B483B09D
:1002F00000AF0346FB71FB7903F01F02074997F932
:1003000007305B09012000FA02F241F8232000BF08
:100310000C37BD465DF8047B704700BF00E100E08C
:1003200080B400AF4FF080435922C3F800214FF052
:1003300080431622C3F800214FF080438822C3F87F
:1003400000214FF08043D3F80031002BEAD000BFEA
:1003500000BFBD465DF8047B704780B400AF4FF02E
:1003600080430022C3F8002100BFBD465DF8047B36
:10037000704780B500AF0B4B1B6A03F00403002BE2
:1003800006D0084B04221A62074801F0D1FE06E0AD
:10039000044B044A1B6A1362044801F0C9FE00BF03
:1003A00080BD00BF40400040B8980000CC980000DD
:1003B00080B500AF0A4B1B6A03F02003002B06D068
:1003C000074B20221A62074801F0B2FE06E0044BF8
:1003D000034A1B6A1362044801F0AAFE00BF80BDF5
:1003E00080400040E4980000CC98000080B500AF49
:1003F000154B1B68144A23F0F0031360012000F032
:1004000023FB012000F0A4FC104800F0D3F9104BAE
:1004100011225A630F4800F03DFB002200210D48D5
:1004200000F054FA4FF08043DB6B4FF0804223F42E
:100430007F03D3634FF08043DB6B4FF0804243F484
:10044000CC03D36300BF80BD4041004000B0710BBE
:1004500000020040103D805780B500AF4FF4E131FD
:10046000024801F05FF900BF80BD00BF00000740F7
:1004700080B500AFFFF754FFFFF7B8FFFFF76DFF40
:10048000FFF7EAFF1E4B1B6819461E4801F068FE85
:100490001D4801F04DFE1D4801F04AFE1C4801F0C8
:1004A00047FE1C4801F044FE002204211A4800F0D7
:1004B000CDFE4FF480320221174800F0F9FE1120E2
:1004C000FFF714FF03222021144800F0BFFE012291
:1004D0000521124800F0ECFE1220FFF707FF104B39
:1004E0003A221A600C4B5B690B4A43F004035361D8
:1004F0000A4B5B69094A43F02003536100BFFDE7E3
:1005000004000020F8980000089900003C990000C1
:1005100070990000A49900004040004080400040D5
:100520004044004080B500AF024800F0D9FA00BF57
:1005300080BD00BF0600C05780B584B000AFF86032
:10054000B9607A607B685A01BB681343074A43F07D
:1005500010031366064800F09DFA0022F96804486B
:1005600000F0B4F900BF1037BD4680BD0002004066
:100570000600C05780B483B000AF144B1B69134A08
:1005800043F004031361124B1B68114A43F08003CC
:1005900013604FF08043D3F8F0307B604FF080431E
:1005A000D3F8F0304FF0804223F00303C2F8F0306C
:1005B00030BF00BF4FF080427B68C2F8F03000BF10
:1005C0000C37BD465DF8047B704700BF00ED00E0CE
:1005D0000002004080B400AF094B1B69084A23F0B9
:1005E00004031361074B1B68064A23F08003136062
:1005F00030BF00BF00BFBD465DF8047B704700BF41
:1006000000ED00E00002004080B483B000AF094B71
:100610001B6803F00103012B02D1074B7B6001E053
:1006200000237B607B6818460C37BD465DF8047B71
:10063000704700BF00020040001BB70080B483B0C9
:1006400000AF094B1B6803F00203022B03D14FF4E8
:1006500000437B6001E000237B607B6818460C3719
:10066000BD465DF8047B70470002004080B582B053
:1006700000AF01F033FC1F4B5B6B03F00703002B53
:1006800003D11D4B1B687B602EE01A4B5B6B03F0A4
:100690000703012B04D1184B1B685B087B6023E028
:1006A000144B5B6B03F00703022B04D1124B1B6846
:1006B0009B087B6018E00F4B5B6B03F00703032B79
:1006C00004D10D4B1B68DB087B600DE0094B5B6BB5
:1006D00003F00703042B04D1074B1B681B097B6045
:1006E00002E0054B1B687B607B6818460837BD46F7
:1006F00080BD00BF000200400400002080B582B031
:1007000000AF01F0EBFB1F4B5B6B03F07003002BA2
:1007100003D11D4B1B687B602EE01A4B5B6B03F013
:100720007003102B04D1184B1B685B087B6023E01F
:10073000144B5B6B03F07003202B04D1124B1B682E
:100740009B087B6018E00F4B5B6B03F07003302B52
:1007500004D10D4B1B68DB087B600DE0094B5B6B24
:1007600003F07003402B04D1074B1B681B097B600F
:1007700002E0054B1B687B607B6818460837BD4666
:1007800080BD00BF000200400400002080B500AF23
:1007900001F0A4FB014B1B68184680BD040000203B
:1007A00080B500AF01F09AFB014B1B68184680BD75
:1007B0000400002080B584B000AF7860244B1B6D2E
:1007C00003F01003FB607B68224A934201D9214B5E
:1007D0007B601F4B1B681E4A43F00403136010200C
:1007E00000F0B6FA1A4B1B69194A43F0070313616C
:1007F000174B1B6A164A23F00F031362144B1B6836
:1008000003F00103012B05D17968002000F08EF977
:1008100078600AE079684FF4002000F087F978608A
:100820000B4B1B6D03F01003FB600021022000F056
:1008300013F8FB68002B05D1054B1B68044A23F015
:10084000040313607B6818461037BD4680BD00BFA7
:100850000002004000B0710B80B584B000AF78603A
:100860003960194B1B6D03F01003FB60164B1B68BE
:10087000154A43F004031360102000F069FA124B8C
:100880001B69114A43F0070313610F4B1B6A23F0E6
:100890000F020D493B6813430B620B4B1B6923F09E
:1008A000070209497B6813430B6101F017FBFB68E2
:1008B000002B05D1044B1B68034A23F0040313608B
:1008C00000BF1037BD4680BD0002004080B487B035
:1008D00000AFF860B9607A6000233B6100237B6160
:1008E000FB689B0ADBB2002B6BD04FF08043D3F840
:1008F000F431DBB2012B37D1FB689B0C03F003030F
:10090000022B07D1FB6803F01F031F2B02D1414BC1
:100910007B6144E0FB689B0C03F00303022B07D1CF
:10092000FB6803F01F031D2B02D13A4B7B6136E0BD
:10093000FB689B0C03F00303022B02D1364B7B6157
:100940002DE0FB689B0C03F00303032B02D1334B18
:100950007B6124E0FB689B0C03F0030303F18053ED
:1009600088339B007B611AE0FB689B0C03F0030358
:10097000022B02D1284B7B6111E0FB689B0C03F03A
:100980000303032B02D1254B7B6108E0FB689B0C22
:1009900003F0030303F1805388339B007B617B6981
:1009A0001A68FB689B0AD9B2FB685B0903F01F0356
:1009B00001FA03F3DB4302EA03017B697A680A4325
:1009C0001A60FB685B0E03F00703002B1BD0FB686B
:1009D0001B0F03F0030303F1805384339B003B613F
:1009E0003B691A68FB685B0E03F00701FB681B0D8F
:1009F00003F01F0301FA03F3DB4302EA03013B693F
:100A0000BA680A431A6000BF1C37BD465DF8047B14
:100A1000704700BF280200402C0200403002004016
:100A200080B483B000AF7860064B1B6923F03802B6
:100A300004497B6813430B6100BF0C37BD465DF86A
:100A4000047B70470002004080B483B000AF786040
:100A5000054B1A6804497B6813430B6000BF0C37D1
:100A6000BD465DF8047B70470002004080B483B04F
:100A700000AF7860064B1A687B68DB43044913407B
:100A80000B6000BF0C37BD465DF8047B704700BFAC
:100A90000002004080B485B000AF78600023FB60A6
:100AA0000023BB607B6803F01F03012202FA03F3FB
:100AB000FB600A4BBB607B689B0F9B00BA681344CA
:100AC000BB60BB681968BB68FA680A431A6000BF5C
:100AD0001437BD465DF8047B704700BF0402004038
:100AE00080B485B000AF78600023FB600023BB605A
:100AF0007B6803F01F03012202FA03F3DB43FB6070
:100B0000094BBB607B689B0F9B00BA681344BB60BA
:100B1000BB681968BB68FA680A401A6000BF1437DE
:100B2000BD465DF8047B70470402004080B590B07C
:100B300000AF7860396000F0FBF87B68002B1AD1B9
:100B4000734B1B68724A43F001031360012000F0ED
:100B5000FFF80023FB626F4BFB63FB6B6E4A934213
:100B600006D9FB6B6D4A934202D80123BB6312E0A6
:100B70000223BB630FE0664B1B68654A43F0040326
:100B80001360102000F0E4F84FF40023FB62614B87
:100B9000FB630423BB633B68614A934200F2A1807C
:100BA0003B68604A934240F29C804FF0FF337B6287
:100BB0000023FB6100233B620023BB613B687B6138
:100BC00001233B636AE07B6A002B6BD03B6B032BFA
:100BD00061D03B6B042B03D17B699B003B6005E03C
:100BE0003B6B022B02D17B695B003B600123BB6343
:100BF0004CE07B6A002B4DD0FA6BBB6BB2FBF3F37E
:100C00003B613B69444A93423DD93B69434A934225
:100C100039D802237B632FE03B695B009A087B6B2A
:100C200002FB03F3FB60FB683E4A934221D9FB6859
:100C30003D4A93421DD83B689B08FA689A4204D902
:100C40003B689B08FA68D31A03E03B689A08FB6884
:100C5000D31ABB60BA687B6A9A420AD2BB687B62CD
:100C6000BB6BFB617B6B3B623B6BBB617B6A002BAD
:100C700008D07B6B01337B637B6B40F20122934294
:100C8000CAD900E000BFBB6B0133BB63BB6B202B39
:100C9000AFD900E000BF3B6B01333B633B6B042BE0
:100CA00091D900E000BFBB69013B9A03FB6A1A437C
:100CB000FB69013B5B021A433B6A023B1449134345
:100CC0000B64042000F044F8BB69FA6902FB03F3EB
:100CD000FA6BB2FBF3F33A6A02FB03F35B00BB620D
:100CE00010E07B68002B04D1094B44F21E221A64E9
:100CF00002E0074B0D4A1A64042000F029F800F0C6
:100D000089F9B862BB6A18464037BD4680BD00BF4E
:100D100000020040001BB700FF083D0000127A00EF
:100D20000065CD1D7FF0FA02405973071E4208008E
:100D300080B400AF054B1B6C044A43F4803313644A
:100D400000BFBD465DF8047B704700BF0002004055
:100D500080B485B000AF7860134B1B685B08FB6004
:100D60000123BB60114B00221A6008E0FB68013BC5
:100D7000FB60FB68002B02D10023BB6006E00C4B3C
:100D80001A6D7B6813407A689A42EFD1FB68002B9A
:100D900003D1064B4FF0FF321A60BB681846143778
:100DA000BD465DF8047B7047040000200C0700205E
:100DB0000002004080B483B000AF78603960134B0C
:100DC00000221A607B68042B06D1104B1B680F4A67
:100DD00043F00403136007E00D4B1B6923F0380256
:100DE0000B497B6813430B61084A3B685360074B10
:100DF00000229A60054B1B68044A43F0030313600A
:100E000000BF0C37BD465DF8047B704710E000E082
:100E10000002004080B400AF034B00221A6000BF04
:100E2000BD465DF8047B704710E000E080B582B0FD
:100E300000AF78604FF08043D3F8F431DBB2012B80
:100E40001DD17B68042B0CD104237B601A4BD3F893
:100E5000903023F07003184A43F01003C2F890302A
:100E60001CE07B68052B19D104237B60124BD3F85F
:100E70009030114A23F07003C2F890300EE07B6886
:100E8000042B02D07B68052B08D10B4B1B680A4A48
:100E900043F0080313600820FFF75AFF064BD3F80E
:100EA000903023F0070204497B681343C1F8903067
:100EB00000BF0837BD4680BD0002004080B487B047
:100EC00000AF78604FF08043D3F8F431DBB2012BF0
:100ED00052D17B6803F040737B617B6803F0406311
:100EE0003B617B6803F04053FB607B6803F0404349
:100EF000BB607B69002B0AD0274BD3F8903023F0DE
:100F0000407225497B681343C1F890303EE03B694D
:100F1000002B0AD0204BD3F8903023F040621E49BA
:100F20007B681343C1F8903030E0FB68002B0AD097
:100F3000194BD3F8903023F0405217497B68134384
:100F4000C1F8903022E0BB68002B0AD0124BD3F8D6
:100F5000903023F0404210497B681343C1F8903031
:100F600014E00D4BD3F8903023F440320A497B68EB
:100F70001343C1F8903009E0074BD3F8903023F4C5
:100F8000403205497B681343C1F8903000BF1C37DD
:100F9000BD465DF8047B70470002004080B400AF9E
:100FA000034BD3F894301846BD465DF8047B704778
:100FB0000002004080B487B000AFF860B9607A608A
:100FC0003B6000237B6100233B61114B7B61FB682D
:100FD0009B007A6913447B617B691B683B613B69B9
:100FE00023F4FB7323F00103BA6812011A437B68F0
:100FF0001A433B68134343F001033B617B693A6941
:101000001A6000BF1C37BD465DF8047B704700BF07
:10101000A002004080B489B000AF0023FB61284BE0
:101020007B60284B1B6C7B617B6903F4A023002B46
:1010300002D00023FB613CE07B6903F40033002B0A
:101040000CD07B6903F40023002B02D01E4BBB6144
:1010500001E01D4BBB61BB69FB612AE07B6903F4C6
:101060000023002B02D0184BBB6101E0164BBB6183
:101070007B699B0B03F0030320333B4413F81C3CB8
:101080003B617B69C3F308030233FB607B695B0A46
:1010900003F01F030133BB60BB699B08FA6803FBC5
:1010A00002F2BB68396901FB03F3B2FBF3F3DB0027
:1010B000FB61FB6918462437BD465DF8047B704729
:1010C0000102020400020040001BB70090B488B087
:1010D00000AF78600023FB612D4B07F10C040FCBB0
:1010E00084E80F007B682B4A934204D12A4B9B690A
:1010F00003F0010346E07B68284A934205D1264B62
:101100009B695B0803F001033CE07B68244A93423F
:1011100005D1214B9B691B0A03F0010332E07B6878
:10112000204A934205D11C4B9B695B0A03F00103E3
:1011300028E07B685B0E03F00703002B21D07B685F
:101140001B0F03F003039B0020333B4453F8143C74
:1011500003F1804303F50473FB61FB691A687B6844
:101160005B0E03F007017B681B0D03F01F0301FA00
:1011700003F31A407B681B0D03F01F0322FA03F3ED
:1011800000E0002318462037BD4690BC704700BFE2
:10119000D4990000100000A200020040110010A22B
:1011A000120080A2130090A290B488B000AF7860C3
:1011B0000023FB61234B07F10C040FCB84E80F00E5
:1011C0007B689B0ADBB2002B36D07B689B0C03F05C
:1011D00003039B0020333B4453F8143C03F180434A
:1011E00003F50873FB614FF08043D3F8F431DBB2B1
:1011F000012B0ED17B6803F01F031F2B02D1124B72
:10120000FB6106E07B6803F01F031D2B01D10E4B31
:10121000FB61FB691A687B689B0AD9B27B685B0932
:1012200003F01F0301FA03F31A407B685B0903F024
:101230001F0322FA03F300E0002318462037BD46BF
:1012400090BC7047E49900002802004080B487B049
:1012500000AFF860B9607A6000237B611EE0012274
:101260007B699A40BB681A4001217B6901FA03F34C
:101270009A4210D1FB681A687B695B00032101FA6E
:1012800003F3DB431A407B695B00796801FA03F3DF
:101290001A43FB681A607B6901337B617B690F2B02
:1012A000DDD900BF00BF1C37BD465DF8047B704729
:1012B00080B485B000AFF860B9607A60FB689A6965
:1012C0000121BB6801FA03F3DB431A407B68190E66
:1012D000BB6801FA03F31A43FB689A61FB68DA6999
:1012E0004FF00111BB6801FA03F3DB431A407B683E
:1012F00023F07F41BB6801FA03F31A43FB68DA610C
:1013000000BF1437BD465DF8047B704780B483B0DE
:1013100000AF786039607B689A6901213B6801FA07
:1013200003F3DB431A407B689A617B68DA694FF00C
:1013300001113B6801FA03F3DB431A407B68DA6171
:1013400000BF0C37BD465DF8047B704780B487B0A2
:1013500000AFF860B9607A6000237B611BE0BA6877
:101360007B6922FA03F303F00103002B10D0FB6822
:101370009A6A7B695B00032101FA03F3DB431A409D
:101380007B695B00796801FA03F31A43FB689A6290
:101390007B6901337B617B690F2BE0D900BF00BF04
:1013A0001C37BD465DF8047B704780B487B000AF42
:1013B000F860B9607A6000237B611BE0BA687B69E2
:1013C00022FA03F303F00103002B10D0FB681A6B21
:1013D0007B695B00032101FA03F3DB431A407B695D
:1013E0005B00796801FA03F31A43FB681A637B69AF
:1013F00001337B617B690F2BE0D900BF00BF1C3735
:10140000BD465DF8047B704780B483B000AF786060
:101410004FF080435A684FF080417B6813434B6024
:1014200000BF0C37BD465DF8047B704780B400AF49
:101430004FF080439B699B0903F001031846BD46AA
:101440005DF8047B704780B400AF4FF080435B6869
:101450001846BD465DF8047B704780B400AF4FF07E
:101460008043D3F8003103F00103002B0CBF0123AC
:101470000023DBB21846BD465DF8047B704780B49C
:1014800000AF4FF080431B681846BD465DF8047BF3
:10149000704780B400AF4FF080439B684FF08042AC
:1014A00043F00103936000BFBD465DF8047B7047C5
:1014B00080B400AF4FF080439B684FF0804243F010
:1014C0000203936000BFBD465DF8047B704780B4A3
:1014D00085B000AF78600023FB600023BB607B68B1
:1014E00023F07F43012202FA03F3FB607B681B0EAB
:1014F00003F180430833BB60BB681968BB68FA68B6
:101500000A431A607B6823F07F43012202FA03F347
:10151000DB43FB60BB681968BB68FA680A401A6065
:1015200000BF1437BD465DF8047B704780B483B0BC
:1015300000AF786039604FF080439B694FF0804284
:1015400043F0010393614FF080439B6923F008024D
:101550007B684FF0804113438B614FF080439B6960
:1015600023F4E0224FF080413B6813438B6100BFBE
:101570000C37BD465DF8047B704780B400AF4FF078
:1015800080439B694FF0804223F00103936100BFC9
:10159000BD465DF8047B704780B483B000AF7860CF
:1015A0004FF08043D3F8F83123F003024FF080412D
:1015B0007B681343C1F8F83100BF0C37BD465DF8B6
:1015C000047B704780B483B000AF78604FF08043F5
:1015D0009B6A23F01F024FF080417B6813438B62AC
:1015E00000BF0C37BD465DF8047B704780B483B004
:1015F00000AF786039603B6803F48063002B05D04E
:101600007B6870229A617B6808229A613B6803F4C8
:101610000063002B05D07B685B6943F001027B68A7
:101620005A613B6803F40053002B02D07B680E4ADA
:101630009A613B6803F48043002B02D07B681F2231
:101640005A643B6803F40043002B06D07B68802279
:10165000DA617B6840F20F329A6300BF0C37BD46F7
:101660005DF8047B704700BF0100000180B483B0C7
:1016700000AF78607B6800225A6000BF0C37BD461F
:101680005DF8047B704780B483B000AF78607B68FE
:101690005B6823F440527B685A6000BF0C37BD463C
:1016A0005DF8047B704780B483B000AF7860396028
:1016B0007B685A683B68DB431A407B685A6000BF0E
:1016C0000C37BD465DF8047B704780B483B000AF33
:1016D00078607B681B6943F400727B681A617B68E1
:1016E0005B6943F480727B685A617B685B6843F492
:1016F00040527B685A6000BF0C37BD465DF8047BE2
:10170000704780B483B000AF786039607B685A68F6
:101710003B681A437B685A6000BF0C37BD465DF8D2
:10172000047B704790B58BB000AF786039600023C0
:101730007B6200233B62764B07F10C040FCB84E8FD
:101740000F000023FB617B68724A93420CD1724BFD
:101750005B691B0E03F003037B626F4B1B6A1B0A62
:1017600003F00F033B6282E07B686C4A93420CD12A
:10177000694B5B699B0E03F003037B62664B1B6A3C
:101780001B0B03F00F033B6271E07B68644A9342DA
:101790000BD1614BDB691B0E03F003037B625E4BD5
:1017A0001B6B03F00F033B6261E07B685D4A934271
:1017B0000CD1594BDB699B0E03F003037B62564B44
:1017C0001B6B1B0903F00F033B6250E07B68564A1A
:1017D00093420CD1504BDB691B0F03F003037B6278
:1017E0004D4B1B6B1B0A03F00F033B623FE07B6812
:1017F0004E4A93420CD1484BDB699B0F03F0030325
:101800007B62454B1B6B1B0B03F00F033B622EE00F
:101810007B68474A934213D14FF08043D3F8F431A9
:10182000DBB2012B0CD13C4BDB691B0D03F0030336
:101830007B62394B1B6B1B0C03F00F033B6216E002
:101840007B683C4A934212D14FF08043D3F8F43185
:10185000DBB2012B0BD1304BDB699B0D03F0030393
:101860007B622D4B1B6B1B0D03F00F033B627B68F0
:1018700000221A637B680322DA607B689B6823F48A
:10188000702323F0F0037A6893607B6A012B08D100
:10189000FFF7C0FB02467B6A9B0028333B4443F8BA
:1018A0001C2C3B68002B2FD07B6A9B0028333B44C9
:1018B00053F81C2C3B6A0133B2FBF3F23B685B0824
:1018C0001A443B68B2FBF3F3023BFB61FB69B3F5DF
:1018D000803F14D37B6A9B0028333B4453F81C2C75
:1018E0003B6A0133B2FBF3F23B68DB001A443B680E
:1018F000B2FBF3F31B099A1E7B685A6204E0FB6992
:1019000043F040527B685A6200BF2C37BD4690BD01
:10191000F49900000000074000020040001007405A
:1019200000200740003007400040074000500740BB
:10193000006007400070074080B489B000AFF860D5
:10194000B9607A6000237B610023FB611FE0002304
:10195000BB6109E0BB690133BB61BB69B3F1804F77
:1019600002D301237B6105E0FB689B6903F480439C
:10197000002BEFD17B69012B0ED0FB681968BA6888
:10198000FB691344CAB21A70FB690133FB61FA693F
:101990007B689A42DBD300E000BFFB69184624371E
:1019A000BD465DF8047B704790B58DB000AFF86020
:1019B000B9607A603B600023FB620023BB62734B1B
:1019C00007F114040FCB84E80F0000237B62FB684F
:1019D0006F4A93420CD16F4B5B691B0E03F00303FC
:1019E000FB626C4B1B6A1B0A03F00F03BB6282E0B5
:1019F000FB68694A93420CD1664B5B699B0E03F00E
:101A00000303FB62634B1B6A1B0B03F00F03BB62F8
:101A100071E0FB68614A93420BD15E4BDB691B0EA0
:101A200003F00303FB625B4B1B6B03F00F03BB6212
:101A300061E0FB685A4A93420CD1564BDB699B0E1E
:101A400003F00303FB62534B1B6B1B0903F00F03F3
:101A5000BB6250E0FB68534A93420CD14D4BDB69AB
:101A60001B0F03F00303FB624A4B1B6B1B0A03F0C3
:101A70000F03BB623FE0FB684B4A93420CD1454BDE
:101A8000DB699B0F03F00303FB62424B1B6B1B0BD9
:101A900003F00F03BB622EE0FB68444A934213D16C
:101AA0004FF08043D3F8F431DBB2012B0CD1394B2A
:101AB000DB691B0D03F00303FB62364B1B6B1B0C36
:101AC00003F00F03BB6216E0FB68394A934212D160
:101AD0004FF08043D3F8F431DBB2012B0BD12D4B07
:101AE000DB699B0D03F00303FB622A4B1B6B1B0D91
:101AF00003F00F03BB62FB6A012B08D1FFF78AFAE0
:101B00000246FB6A9B0030333B4443F81C2CBB6805
:101B1000002B2FD0FB6A9B0030333B4453F81C2C26
:101B2000BB6A0133B2FBF3F2BB685B081A44BB68C3
:101B3000B2FBF3F3023B7B627B6AB3F5803F14D3C5
:101B4000FB6A9B0030333B4453F81C2CBB6A0133C7
:101B5000B2FBF3F2BB68DB001A44BB68B2FBF3F3E1
:101B60001B099A1EFB685A6204E07B6A43F04052EC
:101B7000FB685A627A683B681A433B6C1A43FB68FD
:101B8000DA6000BF3437BD4690BD00BFF499000055
:101B900000000740000200400010074000200740FE
:101BA00000300740004007400050074000600740F9
:101BB0000070074080B483B000AF786039607B6804
:101BC0001B6A23F0FF023B681A437B681A627B683A
:101BD0005B6843F400627B685A6000BF0C37BD4607
:101BE0005DF8047B704790B58DB000AFF860B960C8
:101BF0007A600023FB620023BB62734B07F114047D
:101C00000FCB84E80F00FB6802221A63FB686F4A5F
:101C100093420CD16E4B5B691B0E03F00303FB6216
:101C20006B4B1B6A1B0A03F00F03BB6282E0FB686D
:101C3000684A93420CD1664B5B699B0E03F0030329
:101C4000FB62634B1B6A1B0B03F00F03BB6271E06B
:101C5000FB68614A93420BD15D4BDB691B0E03F0BD
:101C60000303FB625A4B1B6B03F00F03BB6261E083
:101C7000FB685A4A93420CD1554BDB699B0E03F02B
:101C80000303FB62524B1B6B1B0903F00F03BB6288
:101C900050E0FB68524A93420CD14D4BDB691B0F5D
:101CA00003F00303FB624A4B1B6B1B0A03F00F0399
:101CB000BB623FE0FB684B4A93420CD1444BDB696B
:101CC0009B0F03F00303FB62414B1B6B1B0B03F0E9
:101CD0000F03BB622EE0FB68434A934213D14FF0DF
:101CE0008043D3F8F431DBB2012B0CD1384BDB69E4
:101CF0001B0D03F00303FB62354B1B6B1B0C03F046
:101D00000F03BB6216E0FB68384A934212D14FF0D2
:101D10008043D3F8F431DBB2012B0BD12C4BDB69C0
:101D20009B0D03F00303FB62294B1B6B1B0D03F0A0
:101D30000F03BB62FB6A012B08D1FFF76BF9024668
:101D4000FB6A9B0030333B4443F81C2CBB68002BE0
:101D50001AD0FB6A9B0030333B4453F81C2CBB6AFF
:101D60000133B2FBF3F2BB68DB001A44BB68B2FB81
:101D7000F3F31B09023B7B627B6A4FF6FE729342D0
:101D800002D8FB687A6A5A627B68002B0CD1FB6828
:101D90009B6A43F04002FB689A62FB689B6A23F0EF
:101DA0000202FB689A620BE0FB689B6A23F0200248
:101DB000FB689A62FB689B6A43F00202FB689A62C6
:101DC00000BF3437BD4690BDF499000000000740C5
:101DD000000200400010074000200740003007408C
:101DE0000040074000500740006007400070074077
:101DF00080B485B000AFF860B9607A60FB680322F8
:101E00001A63FB68DB6A23F07F4323F4E063FA681C
:101E1000D362FB68DA6A7B681906BB680B431A4316
:101E2000FB68DA6200BF1437BD465DF8047B70477B
:101E300080B485B000AFF860B9607A60FB680122B9
:101E40001A63FB68DB6A23F0CF02FB68DA62FB6887
:101E5000DA6AB9687B680B431A43FB68DA6200BF31
:101E60001437BD465DF8047B704780B489B000AF7D
:101E7000F860B9607A6000237B610023FB611FE09A
:101E80000023BB6109E0BB690133BB61BB69B3F1EE
:101E9000804F02D301237B6105E0FB689B6903F45B
:101EA0000003002BEFD17B69012B0ED0BA68FB69D0
:101EB00013441B781A46FB681A60FB690133FB6107
:101EC000FA697B689A42DBD100E000BFFB691846E3
:101ED0002437BD465DF8047B704700BF80B584B0F1
:101EE00000AFFFF797F80346174A1360174B1B69BB
:101EF00003F00703BB60BB68022B03D1124B1B68C6
:101F0000FB6004E0124ABB6852F82330FB600F4BC1
:101F10001B6A03F00F0301337B60FA687B68B2FB36
:101F2000F3F30C4A13600B4B1B6803F5F42303F522
:101F30009073094AA2FB03239B0C084A136000BF5D
:101F40001037BD4680BD00BF0C00002000020040DD
:101F5000100000200400002083DE1B430800002046
:101F600080B400AF054B1B68044A23F0F0031360F4
:101F700000BFBD465DF8047B704700BF4041004094
:101F800080B500AF1B4BD3F888301A4A43F4700376
:101F9000C2F88830184BDB6C23F00F03164A43F06D
:101FA0000803D364154BD3F89830144A43F48023C4
:101FB000C2F89830114B9B68104A43F002039360BB
:101FC0000F4BD3F804310E4A03F0F733C2F8043153
:101FD0000B4BD3F808310A4A03F0F733C2F8083143
:101FE000064B9B68054A23F002039360FFF7B8FF96
:101FF00000BF80BD00ED00E000C0004000020040D6
:10200000001004401449154A154B9A42BEBF51F8BE
:10201000040B42F8040BF8E712484FF05901016035
:102020004FF0160101604FF0880101600E484168D1
:1020300041F4804141600D48416841F00201416036
:10204000416841F004014160FFF79AFF05484FF0F5
:1020500000010160FEF716F9BC9D000000000020A1
:10206000F006002000010040000200400070004027
:10207000FEE700BF70B50F4B0F4DAB42A3EB05065B
:1020800007D0B610002455F8043B01349847A64207
:10209000F9D807F0F3FB094D094B5E1BAB424FEA41
:1020A000A60606D0002455F8043B01349847A64202
:1020B000F9D870BDE4060020E4060020E406002004
:1020C000EC06002070B504468AB008460D4600F0C4
:1020D000B7FC164E626B079001214318CDE90861E9
:1020E000022006A903910695A16805930490BAB150
:1020F000B1F90C304A6E98040DD443F4005322F425
:1021000000528B814A6603AA204600F0B3F820B93A
:102110000A200AB070BD9304F5D54FF0FF30F8E700
:102120002046019100F034FC0199E1E7049A000097
:10213000024B01461868FFF7C5BF00BF3000002002
:102140000EB400B582B003AB816853F8042B019341
:1021500000F0E2FC02B05DF804EB03B0704700BF92
:102160000FB400B5074983B004AB086853F8042BDB
:102170008168019300F0D0FC03B05DF804EB04B07B
:10218000704700BF3000002038B5074D074C2C1BAE
:10219000A41005D0013C55F8043D9847002CF9D116
:1021A000BDE8384007F070BBF0060020EC060020C8
:1021B000830730B546D08418844604E003F8011B39
:1021C0009D0704D09C46A4456346F7D130BD013A33
:1021D0000244A2EB0C02032A29D9CCB204EB04245A
:1021E0000F2A04EB04442FD9A2F1100C2CF00F0C91
:1021F00003F11005AC44C3E90044C3E902441033C1
:102200006345F8D112F00C0F02F00F0E18D02EF02B
:10221000030C9C44AEF104051A4642F8044B624597
:10222000FBD125F0030404330EF003022344002AFB
:10223000CCD0C9B21A4403F8011B9342FBD130BD84
:102240007246F4E70346C6E79646E0E708B5002184
:10225000044603F0CDFE034B1B6803B198472046AC
:1022600007F00AFB48080020002301461A461846DA
:1022700004F04AB89368002B00F0B6802DE9F04FC7
:10228000B1F90CC01CF0080F83B0174680460C460D
:1022900027D00B692BB31CF002033D682DD04FF003
:1022A000000ADFF8B0B25646B9465E45334652469C
:1022B00028BF5B464046002E00F08580E169676AD2
:1022C000B847002840F38880D9F808301B1A8244A8
:1022D000361AC9F80830002BE7D1002003B0BDE85A
:1022E000F08F2146404604F0E9F9002879D1B4F98D
:1022F0000CC03D681CF00203D1D11CF0010975D15E
:102300004E460097002E5AD01CF4007F2068D4F867
:1023100008B000F0B180B3455A4600F2DF801CF4EB
:10232000906F32D023696269A0EB030A02EB42028C
:1023300002EBD2720AF1010152103144914292BF74
:1023400093468B460A461CF4806F00F0E5801146E8
:10235000404602F06DF9002800F0F58052462169F0
:10236000019000F0F9F8A289019B22F4906242F0FA
:102370008002A28103EB0A002361ABEB0A03C4F8DD
:1023800014B0A3602060B34632464946019200F083
:102390007DF9A368019AA3EB0B012368A1601344A4
:1023A000B24623600026009A9368A3EB0A03D14447
:1023B0009360002B91D0B4F90CC0002EA4D1D5E9C4
:1023C000009608359EE7D5E900A608356DE7214659
:1023D000404603F05FFF70B3B4F90C3043F04003A4
:1023E000A3814FF0FF3079E7002070471E46BA46C0
:1023F0009946184600951F465EB3002831D04A46DC
:10240000D4E904132068B24228BF3246884204D976
:10241000A16803EB010B5A4570DC934261DCE16972
:10242000656A3A464046A847B0F1000BD4DDB9EBE7
:102430000B09CCD00120DAF80830A3EB0B035F4482
:10244000A6EB0B06CAF80830002B3FF446AF002E6F
:10245000D3D1009A5668134608320092002EF8D065
:102460001F6832460A21384603F02AFE002867D04A
:102470000130A0EB0709C2E72369834216D36269E2
:10248000B24213D86FF00043B34228BF3346E1692C
:1024900093FBF2F3676A02FB03F340464A46B847F0
:1024A000B0F1000A98DDA6EB0A067CE7B345DA46F0
:1024B00028BFB2465246494600F0E8F8A3682268B1
:1024C000A3EB0A035244A3602260002BEBD1214608
:1024D000404603F0DFFE0028E5D07DE7B3463246F4
:1024E00053E73946019200F0D1F8019AA3689B1A8C
:1024F000A360236813442360934698E739465A46FD
:1025000000F0C4F823685B4423602146404603F092
:10251000C1FE00288BD05FE71946404603F026FF36
:10252000034600287FF426AF2169404603F068FC8B
:10253000B4F90C300C22C8F8002023F080034DE7DA
:10254000721C91465CE70C22B4F90C30C8F80020EC
:1025500044E700BF00FCFF7F844641EA000313F01C
:1025600003036DD1403A41D351F8043B40F8043B9A
:1025700051F8043B40F8043B51F8043B40F8043B5D
:1025800051F8043B40F8043B51F8043B40F8043B4D
:1025900051F8043B40F8043B51F8043B40F8043B3D
:1025A00051F8043B40F8043B51F8043B40F8043B2D
:1025B00051F8043B40F8043B51F8043B40F8043B1D
:1025C00051F8043B40F8043B51F8043B40F8043B0D
:1025D00051F8043B40F8043B51F8043B40F8043BFD
:1025E00051F8043B40F8043B403ABDD2303211D39D
:1025F00051F8043B40F8043B51F8043B40F8043BDD
:1026000051F8043B40F8043B51F8043B40F8043BCC
:10261000103AEDD20C3205D351F8043B40F8043B9C
:10262000043AF9D2043208D0D2071CBF11F8013B9A
:1026300000F8013B01D30B8803806046704700BF60
:10264000082A13D38B078DD010F003038AD0C3F16F
:102650000403D21ADB071CBF11F8013B00F8013B51
:1026600080D331F8023B20F8023B7BE7043AD9D310
:10267000013A11F8013B00F8013BF9D20B780370E5
:102680004B7843708B788370604670478842F0B512
:1026900014D98B18834211D9032A00EB020166D8A2
:1026A00002F1FF3C4AB16FEA0C0C0A469C4413F855
:1026B000011D02F8011D6345F9D1F0BD032A0FD8B1
:1026C000034602F1FF3C002AF7D00CF1010C013B5C
:1026D0008C4411F8012B03F8012F6145F9D1F0BDAD
:1026E00041EA00039B073ED10F2A64D9A2F11003EF
:1026F00001F1100423F00F032031A446194400F126
:10270000100E5CF8105C4EF8105C5CF80C5C4EF837
:102710000C5C5CF8085C4EF8085C5CF8045C4EF8F5
:10272000045C0CF1100C8C450EF1100EE9D1E1188F
:1027300012F00C0F034402F00F0E03F1100338D017
:102740002EF00305043D1A1F5E198C465CF8044BFD
:1027500042F8044FB242F9D10431043329442B44E6
:102760000EF00302ADE702F1FF3C0346ADE741EA9C
:102770000304A4071F4602D002F1FF3C93E7A2F135
:10278000040E2EF003068E1B4FEA9E0E8C46644606
:1027900053F8045D4CF8045DB442F8D1CEEB8E736F
:1027A00001EB830107EB83073B1F043902F00302AF
:1027B00076E7724685E703469646C1E700207047F4
:1027C000024A0349034800F00BB900BF580100203A
:1027D000E9730000380000200C4B4168994210B5A5
:1027E000044601D004F000FEA168094B994202D0D2
:1027F000204604F0F9FDE168064B994204D02046DA
:10280000BDE8104004F0F0BD10BD00BF100700206F
:1028100078070020E0070020002070472DE9F843EA
:102820002A4C2B49DFF8BC90DFF8BC80294FC4F854
:102830003811002504230822294604F15C00264EA5
:10284000E360C4E90055C4E90455A5606566A56167
:10285000FFF7AEFC214B63670822294604F1C40050
:10286000C4E90749C4E90987C4E91A55C4E91E55F2
:102870002567C4F8CC50C4F88050E662FFF798FC96
:10288000174BC4F8DC30294604F16803082204F52C
:102890009670C4F88430C4E92298C4E92476C4E967
:1028A0003455C4E93855C4F8D850C4F83451C4F884
:1028B000E850FFF77DFC04F1D003C4E93C98C4E97B
:1028C0003E76C4F8EC30BDE8F88300BF1007002066
:1028D000C1270000216800004568000009000100D0
:1028E00012000200B9670000E1670000F8B5254B4F
:1028F000D3F838310646002B3CD0234FD7E90134BA
:10290000013B04D51DE05A1C04F1680419D0B4F948
:102910000C50013B002DF6D11C4BE360C4E901557E
:10292000C4E9045565662560A5610822294604F1BD
:102930005C00FFF73DFCC4E90C55C4E91155204685
:10294000F8BD3D680DB12F46D8E74FF4D67130463B
:1029500001F06EFE044680B10423C0E900530C3040
:102960002946A0604FF4D0722546FFF721FC3C6059
:102970002F46C3E7FFF752FFBFE70C2338603360F1
:10298000DDE700BF10070020580100200100FFFF15
:10299000436B03B17047044B044AD3F838314263A8
:1029A000002BF7D13AE700BF10070020D92700001D
:1029B000704700BF704700BF024A0349002000F083
:1029C0000FB800BF58010020BD270000024A03498C
:1029D000002000F005B800BF5801002019280000B1
:1029E0002DE9F8430746884616464FF00009D6E918
:1029F0000154013D10D4A389012B08D9B4F90E303C
:102A000001332146384602D0C04749EA0009013D5A
:102A10006B1C04F16804EED13668002EE7D14846FD
:102A2000BDE8F88300000000000000000000000086
:102A30000000000000000000000000000000000096
:102A400030B490F800F020F007016FF0000C10F0A7
:102A5000070491F820F040F048804FF000046FF038
:102A60000700D1E9002391F840F000F1080082FA54
:102A70004CF2A4FA8CF283FA4CF3A2FA8CF34BBB1F
:102A8000D1E9022382FA4CF200F10800A4FA8CF298
:102A900083FA4CF3A2FA8CF3E3B9D1E9042382FA66
:102AA0004CF200F10800A4FA8CF283FA4CF3A2FA7B
:102AB0008CF37BB9D1E9062301F1200182FA4CF2B3
:102AC00000F10800A4FA8CF283FA4CF3A2FA8CF31A
:102AD000002BC6D0002A04BF04301A4612BAB2FA3C
:102AE00082F200EBD20030BC7047D1E9002304F041
:102AF0000305C4F100004FEAC50514F0040F91F876
:102B000040F00CFA05F562EA05021CBF63EA050312
:102B100062464FF00004AAE72DE9F04FBFB01C4613
:102B2000059190460A930546089004F03BFD036822
:102B300011931846FFF784FF10901DB16B6B002BAB
:102B400001F068810599B1F90C304A6E980400F1E2
:102B5000FA8043F4005322F400528B814A661BB280
:102B60001A0740F1AB80059A1269002A00F0A6808E
:102B700003F01A030A2B00F0AF809FED777B002350
:102B8000CDE922338DED0E7B2EAA0D932192934633
:102B90001293079398F80030002B00F0C880444649
:102BA00004E014F8013F002B00F0A580252BF8D19C
:102BB000B4EB080540F0A2802378002B00F0B7802A
:102BC0004FF0000300228DF863306378069204F121
:102BD00001084FF0FF3A039208F101089946A9F164
:102BE0002003582B00F2BC80DFE813F04603BA0044
:102BF000BA003F03BA00BA00BA00BA00BA00BA007D
:102C000097013903BA00A2018603BA007F03590075
:102C100059005900590059005900590059005900EC
:102C2000BA00BA00BA00BA00BA00BA00BA00BA00D4
:102C3000BA00BA0051032F01BA002F01BA00BA003E
:102C4000BA00BA003203BA00BA009002BA00BA0061
:102C5000BA00BA00BA00E102BA00BA003407BA00FA
:102C6000BA00BA00BA00BA00BA00BA00BA00BA0094
:102C7000BA00B00172012F012F012F01A9017201C9
:102C8000BA00BA00D702BA00C90254020F02080201
:102C9000BA00E301BA00BB01BA00BA007707A9F194
:102CA0003003002218F8019B02EB820203EB420280
:102CB000A9F13003092BF5D9069290E7059D0898F4
:102CC000294603F0FBFC002840D1B5F90C3003F095
:102CD0001A030A2B7FF451AF059BB3F90E30002B7A
:102CE000FFF64BAF05990898234642463FB0BDE832
:102CF000F04F01F067BCB4EB080518D0229A239B73
:102D000001322B44072ACBE900852393229205DC6C
:102D10000BF1080B079B2B4407934DE70599089887
:102D200021AA04F0FDFB30B90DF1B80BF2E7239BAB
:102D3000002B41F07C81059B9B895B0606D407989C
:102D40003FB0BDE8F08F91047FF50AAF4FF0FF333D
:102D50000793F4E7AFF300800000000000000000DC
:102D6000B9F1000FE3D000238DF890908DF8633017
:102D70009A4601230993CDF830A024AD0493039B18
:102D8000239C13F0840321460B9300F0B7839DF836
:102D9000633023B32298002301300DF16302013424
:102DA000CBF8002007284FF00102CDE92204CBF830
:102DB000042000F31E840BF1080B83B1229801302C
:102DC00019AB0234CBF8003007284FF00203CDE9ED
:102DD0002204CBF8043000F3FF830BF1080B0B9BAC
:102DE000802B00F00183099BAAEB0306002E00F361
:102DF0003D83039BDE0500F19C82099BCBF80430E8
:102E00001C44229BCBF800500133072B23942293C0
:102E100000F38B830BF1080B039B5A0705D5069B28
:102E2000049A9D1A002D00F3F383DDE9062304992B
:102E30008A42ACBF9B185B180793002C40F0558367
:102E4000002322930DF1B80BA4E60A9B073323F06D
:102E50000703B3EC027B56EC175B0A9326F00043A2
:102E600015938DED147ADDE91401A44B4FF0FF3278
:102E70008DED0E7B06F074FC002840F03B85DDE90B
:102E800014019E4B4FF0FF3206F04CFC0446002824
:102E900040F03085039B23F080030393002200233E
:102EA0002846314606F034FC002841F089809DF820
:102EB0006330B9F1470FD4BF914D924D002B41F0D3
:102EC000F0829A4603230993CDF830A0049356E785
:102ED000039CA70640F1FB840A9B073323F00703FA
:102EE0001A46596852F8083B0A920A460029C0F26D
:102EF000DE81BAF1000F9DF8630005DB53EA0201A1
:102F000024F0800400F0A3870A2B72F1000181F005
:102F100030833033DBB200F09FBF0A9B53F8042BA1
:102F20000692002A80F2C884069A0A9352420692B8
:102F3000039B43F00403039398F800304CE6039B93
:102F400043F04003039398F8003045E60A9B0022C3
:102F50008DF86320924653F8042B8DF890200A9345
:102F600007E7039B9A0600F14881039B0A9813F038
:102F7000100550F8041B41F0D181039E16F0400467
:102F800000F0EA87BAF1000F8DF863508BB22A4641
:102F9000C1F2568026F080040394002B00F00786CF
:102FA0000A2B75F1000580F0EA8730318DF8B710F3
:102FB0001CE10A9C54F8045B00268DF86360002D28
:102FC00000F0B085BAF1000FC0F2E08552463146FC
:102FD000284603F075F89DF86330002801F08881D9
:102FE000421B099222EAE2720492002B00F0DA8579
:102FF0000132B24604920A940C96C0E6039B43F059
:103000002003039398F80030E6E50A9A002152F86D
:10301000040B8DF8631047F630038A45ADF8643031
:103020000346C0F24485039C24F0800444F002046B
:103030000394002800F073870A92334802220C920E
:103040004FF078092EAD03F00F021B09825C05F8E2
:10305000012D43EA0173090953EA0102F3D12EABB2
:103060005B1B53450993B8BF534604930C9B002B3D
:103070003FF485AE049B0233DDE922040493039BF5
:1030800013F08403214602460B9300F0A78500232A
:103090000C9394E6039CA5063ED4039B0A98039CDC
:1030A00050F8042B13F0100340F0C28414F04001D8
:1030B00000F04287BAF1000F8DF8633092B21946E2
:1030C000C0F2898524F0800303930A90002A3AD144
:1030D000BAF1000F41F06880039B13F001030493E1
:1030E00000F06A8530238DF8B730049B09930DF109
:1030F000B700002305460C9341E600BFFFFFEF7FBA
:10310000089A00000C9A00002C9A0000039B9E066F
:1031100043F0100440F18A840A9B073323F007032D
:103120001A46596800238DF863301346BAF1000F30
:1031300053F8082B0A93C0F2CD8424F08003039344
:1031400052EA0103C4D02EAD02F00703D20842EACE
:103150004172C908303352EA0104284605F8013D9E
:10316000F2D1039A12F001020C9240F040852EAB8E
:103170005B1B53450993B8BF53460493FFE5039B7C
:103180009A0640F145840A9B079A1B681A60D21779
:103190005A600A9B04330A93FCE498F800306C2BC5
:1031A00000F09D84039A42F01002039214E5039B01
:1031B000980643F0100121D40A9B181D0A9B002594
:1031C0001C688DF86350AA4523462A46C0F2EA8659
:1031D00021F080010391002C00F0E9840A2C75F1A4
:1031E000000580F0CC8630348DF8B7405346012B73
:1031F000B8BF01230A90049323E019460A9B0733C2
:1032000023F007031C4600205A6854F8083B8DF849
:10321000630082450A94C0F2508421F0800103913A
:1032200053EA020100F0C4840A2B72F1000180F01D
:103230004A8530338DF8B7305346012BB8BF012390
:1032400004930123099300230C930DF1B70596E530
:10325000039B43F00803039398F80030BCE42B234E
:103260008DF8633098F80030B6E4039B43F0010317
:10327000039398F80030AFE49DF8632098F800308D
:10328000002A7FF4A9AC20228DF86320A4E4039BDC
:1032900043F010049B063FF51FAE0A9B181D0A9BC6
:1032A0000A901B68DA1711460029BFF622AE5B426E
:1032B00062EB42022D21BAF1000F8DF86310C0F2CB
:1032C000248424F080000A2B039072F1000080F027
:1032D000F98430338DF8B7305346012BB8BF012342
:1032E0000493049B01330493ABE7039B43F08003F7
:1032F000039398F800306FE4424612F8019BB9F14D
:103300002A0F01F00781A9F13003092B98BF4FF074
:10331000000A00F2F98712F8019B0AEB8A0A03EB14
:103320004A0AA9F13003092BF5D94AEAEA7A90460C
:1033300055E4B9F1650F40F30481DDE90E01002287
:10334000002306F0DBF9002800F0A281229BB54A99
:10335000CBF80020013301340122072B2394229360
:10336000CBF8042000F349850BF1080B1A9B0D9A4A
:10337000934280F29C82109B119A1C44CBE900235B
:10338000229B23940133072B229300F3B2830BF18A
:10339000080B0D9B5D1E002D7FF73EAD102D229B6F
:1033A000A14F40F3B780DDF82090DDF814A010267F
:1033B00005E00BF1080B103D102D40F3AB800133FD
:1033C0001034072BCBE90076CDE92234F1DD21AAB8
:1033D0005146484604F0A4F800287FF4ACACDDE97F
:1033E00022340DF1B80BE6E7069B049A9E1A002ED4
:1033F0007FF7F9AC102E229B8B4F24DD5A462146D5
:10340000AB46089C059D04E0103E102E02F1080218
:1034100016DD013310311020072BCDE92231176062
:103420005060F1DD21AA2946204604F079F80028F1
:103430007FF481AC103E102EDDE922312EAAE8DCAB
:103440005D460C46934601333444072BCDE92234C4
:10345000CBF80070CBF8046000F3EC84099BAAEB76
:103460000306002E0BF1080B7FF7C3AC102E229B36
:103470006D4F2CDD5A462146B346089C2E464FF030
:10348000100A059D06E0ABF1100BBBF1100F02F125
:10349000080218DD013364481031072BC2E9000A25
:1034A000CDE92231EFDD21AA2946204604F038F883
:1034B00000287FF440ACABF1100BBBF1100FDDE93D
:1034C00022312EAAE6DC35460C465E469346013391
:1034D0003444072BCDE92234CBF80070CBF80460DC
:1034E00000F3D8810BF1080B83E40599089821AA11
:1034F00004F016F800283FF4A3AC1CE4069B049AE1
:103500009E1A002E00F33D819DF86330002B3FF49E
:103510006AAC3FE401332C44072BCBF80070CBF8A6
:103520000450CDE922347FF775AC0599089821AA9B
:1035300003F0F6FF00287FF4FEAB239C0DF1B80BDF
:103540006AE40D9B229E012B04F1010406F10106A1
:103550000BF1080940F35A810123072ECDE92264BB
:10356000CBF80050CBF8043000F37D83109B119A08
:1035700001361C44072EC9E90023CDE9226400F37B
:10358000938309F108090D9BDDE90E0103F1FF3A70
:103590000022002306F0B2F8002840F052810136E4
:1035A00001355444072ECDE92264C9F80050C9F80A
:1035B00004A000F3398109F10809129BC9F804300D
:1035C00001361C44072E1CABCDE92264C9F800303B
:1035D000ABDC09F1080B1FE40599089821AA03F058
:1035E0009FFF00287FF4A7AB239C0DF1B80BFFF7DA
:1035F000F6BB05990898139321AA03F091FF0028C0
:103600007FF499AB239C139B0DF1B80BFFF7D5BB4F
:10361000102D229B054F27DDDDF82090DDF814A04A
:1036200010260AE0489A00002C9B00001C9B00001A
:10363000103D102D0BF1080B16DD01331034072B54
:10364000CBE90076CDE92234F2DD21AA5146484685
:1036500003F066FF00287FF46EAB103D102DDDE90E
:1036600022340DF1B80BE8DC01332C44072BCBE9F5
:103670000075CDE922347FF7D8AB0599089821AAC7
:1036800003F04EFF00287FF456AB239CFFF7CDBB21
:103690001A99002940F36483DDE90C739F42A8BFA7
:1036A0001F46002F0BDD229B01333C44072BCBE947
:1036B00000572394229300F347850BF1080B0C9ECF
:1036C000002FA8BFF61B002E00F339821A9B0D9A1B
:1036D000934203DB0399C80740F18F84109A119934
:1036E0001444CBE90012229A23940132072A229231
:1036F00000F31C850BF1080B0D9A0C99D31A561A7E
:103700009E42A8BF1E46002E0EDD229ACBF8046012
:1037100001320D443444072ACBF8005023942292FE
:1037200000F346850BF1080B002EACBF9D1B1D4618
:10373000002D7FF771AB102D229BB34F7FF7EAAEC0
:10374000DDF82090DDF814A0102605E00BF1080B41
:10375000103D102D7FF7DEAE01331034072BCBE97F
:103760000076CDE92234F1DD21AA5146484603F026
:10377000D7FE00287FF4DFAADDE922340DF1B80B73
:10378000E6E7DDE90B320B92229AA04F102E25DDE1
:103790000C955846089DC3461024984604E0103EF8
:1037A000102E00F1080015DD01321031072AC0E9A2
:1037B0000074CDE92221F2DD059921AA284603F003
:1037C000AFFE00287FF4B7AA103E102EDDE92221BB
:1037D0002EA8E9DC0C9D4346D8468346501C74183D
:1037E0000728CDE92204CBF80070CBF8046000F381
:1037F000ED829DF863200BF1080B002A61D1002BAC
:1038000040F088830B9B0C93FFF7EDBA039BD9071D
:103810003FF5A2AE0123072ECDE92264CBF800507C
:10382000CBF804307FF7C9AE0599089821AA03F0B8
:1038300077FE00287FF47FAADDE922640DF1B80944
:10384000BBE60D9B012B7FF7B8AE112B6E4F40F3FB
:103850001383DDF820B0102507E009F10809AAF16B
:10386000100ABAF1100F40F3078301361034072E07
:10387000C9E90075CDE92264EFDD059921AA584612
:1038800003F04EFE00287FF456AADDE922640DF114
:10389000B809E4E70599089821AA03F041FE002839
:1038A0007FF449AA239C0DF1B80BFFF7A2BA039B42
:1038B000DD077FF5B1AA5EE50A9398F80030FFF7BF
:1038C0008BB90B9A0C9200220B92FFF765BA039A00
:1038D0000A98D60650F8043B00F13285039C0A9002
:1038E00065064DBF43F3C032DA17039C1BB2114685
:1038F000FFF7FCBADDE90E0102460B4605F030FF8A
:10390000002840F09C85039BBAF1FF3F43F480738D
:103910000B930F9B00F02584B9F1670F00F0A6838D
:10392000B9F1470F00F0A283002BC0F2D784B9F1A0
:10393000650F074603D0B9F1660F00F0C1859DED14
:103940000E7B8DED167B4523564604930AF1010A42
:1039500002211FAB01931BAB00939DED160B089842
:103960001AAB524601F0C2F9B9F1660F054600EBF9
:103970000A0440F023852B78302B00F047851A9BF2
:103980001C44DDE916010022002305F0B7FE0028E3
:1039900040F036851F9B9C4240F2EE854622049201
:1039A00030215A1C1F9219701F9B9C42F9D81A9AF9
:1039B0000C925B1B0D93049B472B00F00984B9F11B
:1039C000660F40F0B585039B0C9A03F00103002AB3
:1039D00043EA060340F3AF85002B40F065850C9B5E
:1039E000049309934FF06609002F00F09283049B23
:1039F000013304930B9B03932D238DF863304FF019
:103A0000000AFFF7BCB900BF2C9B00001C9B000004
:103A1000039BDB0600F1D880039B5F0640F1D48056
:103A20000A9B079A1B681A80FFF7B3BB0A9B181DF5
:103A30000A9B00211B688DF863108A451A46C0F264
:103A4000C98024F0800403940A90002B7FF47BABA0
:103A5000FFF73EBBBD48039B13F0200100F0F3804D
:103A60000A9B073323F007031A46596852F8083BAC
:103A70000A92039C14F001020C9200F0CA8053EAEF
:103A8000010240F0FD80002292458DF86320C0F2D3
:103A9000088124F08004039440F00381CDF824A031
:103AA000CDF830A0CDF810A02EADFFF768B903987F
:103AB00040F002000390FFF7BFBA0A2B72F1000436
:103AC00080F0148430338DF8B730012303910493D0
:103AD000FFF7B7BB0394FFF736BB9D48BBE7039BDB
:103AE00043F02003039308F1010898F80030FFF732
:103AF00073B80599089821AA03F012FD00287FF4F5
:103B00001AA9239C0DF1B80B43E40A2B72F10000B3
:103B100080F0D78030338DF8B730012303940493BD
:103B2000FFF7DFBB5346062B28BF0623AA460493A4
:103B3000884D0A940993CDF830A0FFF720B9102ED4
:103B4000229B854F40F31F822246DDF820A0059C72
:103B50004FF0100905E00BF1080B103E102E40F35A
:103B6000118201331032072BCBE90079CDE92232E3
:103B7000F1DD21AA2146504603F0D2FC00287FF453
:103B8000DAA8DDE922320DF1B80BE6E72846FEF7A8
:103B900057FF9DF86330099020EAE0720492002BF1
:103BA0007FF426AA9A460A940C93FFF7E8B80A9085
:103BB000BAF1000F40F0D684002309939A460C9383
:103BC0002EAD0493FFF7DBB80A9B079A1B681A60B7
:103BD000FFF7DFBA03940A90FFF7B5BA069B049E7D
:103BE0009E1B002E13DC0B9B0C93FFF7E8B8302BC9
:103BF00000F015813023023805F8013C2EAB1B1A6A
:103C000053450993B8BF53460493FFF772BA022392
:103C1000BBE50C9A8DF86320BAF1000FFFF612AAEB
:103C2000039A22F08002039253EA01027FF40AAA67
:103C3000BAF1000F7FF406AACDF824A0CDF810A0A9
:103C40002EADFFF79CB80A9A52F8043B0A92039AE9
:103C500012F010027FF40DAF039911F040011CBF68
:103C60009BB2114605E70599089821AA03F058FC74
:103C700000287FF460A8DDE922640DF1B80975E43D
:103C800030228DF86420002292458DF86320039A3B
:103C90008DF86590A8BF22F0800242F002020392E4
:103CA00002220C92FFF7CEB90599089821AA03F0D9
:103CB00037FC00287FF43FA8DDE922640DF1B80944
:103CC00061E403940846254C04902EAD4FF0050C9A
:103CD000991841F10001A4FB010626F0030000EB56
:103CE0009600091A581A9E46174662F100034FF0D3
:103CF000CC3202FB00F204FB0322A0FB043003F0F1
:103D000001060244A6FB0C064018BEF10A0F4FEA5A
:103D1000530300F1300077F1000743EAC27305F85E
:103D2000010D4FEA5202D3D22EAB5B1B04980993CC
:103D30005345B8BF53460493002800F09A800133DE
:103D4000049300230C93FFF71AB800BF189A0000E1
:103D50002C9A0000409A00002C9B0000CDCCCCCCCB
:103D6000229BBE4ACBF80020013301340122072BED
:103D700023942293CBF8042000F332810BF1080B3B
:103D8000002940F09080039B0D9A03F00103134338
:103D90003FF442A8109B11991A19CBE90013229BFA
:103DA00023920133072B229300F394810BF1080B2C
:103DB0000D99CBF8005001338C18072BCDE9223434
:103DC000CBF804107FF726A8FFF7AFBB059908983A
:103DD0000C9321AA03F0A4FB00287EF4ACAF9DF85D
:103DE0006320239C0C9B002A52D00B9A0DF1B80B38
:103DF000CDE90B022298FEF7CFBF0599089821AABA
:103E000003F08EFB00287EF496AF239C0DF1B80BD7
:103E1000FFF7ACBA0898FEF7BBFDFEF793BE2EABDA
:103E20005B1B53450993B8BF5346049300230C937F
:103E3000FEF7A5BF0599089821AA03F071FB002899
:103E40007EF479AF239C0DF1B80BFEF7CCBFBAF12D
:103E5000000F00F0DA8030238DF8B7305346012B85
:103E6000B8BF0123CDE9034300287FF43AAAFFF746
:103E7000E8B90C90FEF783BF01365444072ECDE914
:103E80002264C9F80070C9F804A07FF794ABCBE4B2
:103E9000002B00F0C6800B9B2298CDE90B230DF17F
:103EA000B80BFEF78CBF109B11981A19CBE90003D1
:103EB000229B23920133072B229300F30B810BF1FA
:103EC000080B0029BFF674AF4E421031644F80F2E8
:103ED0005D82DDF82090DDF814A0102405E00BF1E0
:103EE000080B103E102E40F3518201331032072B85
:103EF000CBE90074CDE92232F1DD21AA51464846D2
:103F000003F00EFB00287EF416AFDDE922320DF13E
:103F1000B80BE6E70B9BCDE90B23FEF750BFBAF1D8
:103F2000000F7FF489A8CDE909A2CDF810A04FF0C9
:103F300078092EADFFF79EB8BAF1000F8DF8631027
:103F4000FFF649AE039B0A9023F080030393002AF7
:103F50007FF4F9A8FFF7BCB8BAF1000F8DF8634001
:103F60000B46224674DB039D25F08005039500294E
:103F70003FF41DAE0A2974F10004FFF416A80A905C
:103F80001046A0E6144601333444072BCDE9223411
:103F9000CBF80070CBF8046000F3AA800BF1080B9B
:103FA000FFF794BB0A2C75F1000580F0AE80303429
:103FB0008DF8B740039101230A900493FFF741B9AC
:103FC0002D23B9F1470F8DF86330A24636DC254D1D
:103FD000CDF830A00323099304230493FEF7CFBE4A
:103FE0000599089821AA03F09BFA00287EF4A3AE55
:103FF0001A99239C0DF1B80BC2E60C99D31A561AE4
:104000009E42A8BF1E46FFF78FBB031E18BF0123A9
:10401000CDE90343CDF824A0CDF830A02EADFEF7B6
:10402000AEBE0B9B0C930DF1B80BFEF7DCBE0599F1
:10403000089821AA03F074FAFEF77DBE0A4DC7E77F
:104040000A2B75F100059AD230318DF8B710B2E71E
:104050000A2974F10004F7D391E700BF489A0000E1
:104060002C9B0000089A00000C9A0000BAF1000F87
:1040700000F07881002BC0F2FE819DED0E7B8DED6E
:10408000167B564607461FAB01931BAB00939DED75
:10409000160B08981AAB3246022100F027FE05469F
:1040A000039BDC0700F106811F9B5A1B1A9B0D9294
:1040B000D81C0C93C0F2F2809E42C0F28F809A42CC
:1040C00000F341810C9B099323EAE37204924FF0C1
:1040D000670989E40599089821AA03F021FA0028C4
:1040E0007EF429AEDDE922321A990DF1B80BE8E62B
:1040F0000599089821AA03F013FA00287EF41BAE54
:10410000239C0DF1B80BFFF7E1BA0A90039110461A
:10411000D9E59DF86330002B00F0FB80049B013350
:1041200004930B9B0393BA46FEF729BE05990898A2
:1041300021AA03F0F5F900287EF4FDAD1A9B239C1B
:104140000DF1B80BFFF7D8BA0599089821AA03F02A
:10415000E7F900287EF4EFAD239C0DF1B80BFFF7D3
:10416000AEBA002BC0F2B8809DED0E7B8DED167BB4
:1041700007464FF0060AB9F1650F3FF4E4AB00F3D0
:104180005481B9F1450F3FF4DEAB1FAB01931BAB7C
:1041900000939DED160B08981AAB5246022100F0D1
:1041A000A5FD564605467BE700221146FEF7CBBF2C
:1041B0000599089821AA03F0B3F900287EF4BBAD55
:1041C0001A9B0D9A239CD31A0DF1B80BFFF7ACBACA
:1041D0000C9B033362DB0C9B9E424CDA0C9B013B35
:1041E000A9F10209002B8DF870901A93C0F2998002
:1041F0002B22092B8DF8712040F399800DF1830457
:10420000B84E22461046A6FB0312D20802EB8201EA
:10421000A3EB4101303100F8011C19466329134614
:1042200000F1FF32EEDC303302F8013C831EA34282
:1042300080F07B810DF1710213F8011B02F8011F60
:10424000A342F9D1F8336B44843B1B1A1CAA9B1A76
:1042500012930D9A129B012A1344099340F38B8009
:10426000099B109A1344099323EAE37304930023F0
:104270000C93FFF7B9BBDDE90C23934263DC039B8E
:10428000D9077FF51FAF0C9B109A1344099323EABB
:10429000E37304934FF06709FFF7A6BB0C9BA9F1EA
:1042A0000209013B8DF870901A930C9B2D22C3F1EB
:1042B00001039EE7DDE9160100220023AC1905F099
:1042C0001DFA002840F006811F9BA34280F05A810E
:1042D00047220492FFF764BB4FF0060ADDE90E1295
:1042E00002F10043169117932D2744E70391EAE466
:1042F0000A94002B7CD00AF10103CDF824A004938A
:1043000082460C90FEF73BBD90464FF0000AFEF748
:1043100066BC0B9B0393BA46FEF731BD1946FEF708
:104320004DBF0C9B2D22C3F101038DF8712030335A
:104330008DF8733030238DF872300423129388E7A0
:104340001446FEF7ACBF109A0D9B13440C9A0993C8
:10435000002A40F3998023EAE37304934FF067093E
:10436000FFF742BB002B7DDB9DED0E7B57468DEDAD
:10437000167B012687E6039A12F001020C927FF465
:104380006FAF23EAE3730493FFF72EBB013332448C
:10439000072BCDE92232CBF80070CBF804607FF711
:1043A00005AD0599089821AA03F0BAF800287EF413
:1043B000C2ACDDE922320DF1B80BF9E4DDE91601FA
:1043C0000022002305F09AF928B91F9B9C423FF672
:1043D000E7AAA3EB050A1A9B0C930C9B8DF870902F
:1043E000013B002B1A93CDF834A0BFF601AF5CE778
:1043F000CDF824A0CDF810A00C939A46FEF7BFBCD0
:10440000631B0D931A9B0C93FFF7DDBADDE91601D0
:104410000022002305F072F9002876D01A9B0C9335
:104420001C44631B0D93FFF7CEBAB9F1660F7FF4FE
:10443000ACAE4623564604930321FFF78ABA039B8A
:1044400023F0800303930F9B13F000430C934DD094
:104450002D23B9F1470F8DF863304FF0000A7FDC50
:10446000214DB5E5DDE90E1202F1004316911793D7
:104470002D27012607E6DDE90E1202F10043169111
:10448000179356462D27FEE50C9B099AC3F10103AD
:104490001A4422EAE273099204934FF06709FFF786
:1044A000A3BA4FF0000A93E5109B06EB02094B44B8
:1044B000099323EAE37304934FF06609FFF794BA74
:1044C0009DED0E7B46238DED167B5646049303210E
:1044D000FFF73FBA1A9A0C92472223460492FFF73D
:1044E00068BA00BFCDCCCCCC109A00009DF86330E8
:1044F000B9F1470FD4BF2A4D2A4D002B48D19A4617
:10450000032309930493FEF73ABCCAF101031A93FB
:10451000FFF736BA0A9998F8013051F804AB0A91BE
:1045200090464AEAEA7AFEF757BB0223129390E6D6
:10453000DDF834A051E733B9012304934FF0660945
:104540000993FFF751BA109B03F1010909EB060328
:10455000099323EAE37304934FF06609FFF744BA23
:10456000104D35E530238DF8B730CDF810A0FEF7AB
:1045700068BE0394FFF7A7BB5B1B0D931A9B0C93BC
:10458000FFF721BA1A9A0C9247220492FFF711BA48
:104590000323099304234FF0000A0493FEF7EFBBB3
:1045A000109A0000149A000010B4054C844613467B
:1045B00020685DF8044B0A466146FEF7ADBA00BFBD
:1045C00030000020F0B50D468989ADF26C4D21F028
:1045D0000201ADF80C101AA9009104914FF480610A
:1045E00002910591696E1991E989ADF80E10E9699A
:1045F0000791696A09910021069169460746FEF70D
:104600008BFA061E6C4607DB6946384601F042FE0F
:10461000002818BF4FF0FF36A3895B0603D5AB898E
:1046200043F04003AB8130460DF26C4DF0BD00BF4E
:104630002DE9F04F01F10B05162D83B0064623D866
:10464000102900F2B48002F035F81025182302205A
:10465000C64F3B44A3F108025C68944200F06C81B1
:104660006368E268A16823F00303CA60234430460C
:1046700091605A6842F001025A6002F01DF8083455
:10468000204603B0BDE8F08F35F0070500F18F80BC
:10469000A94200F28C8002F00DF8B5F5FC7FC0F065
:1046A000B9815FEA552E00F08980BEF1040F00F257
:1046B00071814FEA951E0EF1390003B20EF1380EEA
:1046C000DB00AA4F3B44A3F1080C5C68A44507D16A
:1046D0000DE0002AE16880F229818C4507D00C4664
:1046E000636823F003035A1B0F2AF2DD7046DFF8DC
:1046F00080823C69444500F00681636823F0030C26
:10470000ACEB05030F2B00F38A81002BC7E904886B
:1047100080F27481BCF5007FD7F804E080F012814C
:104720004FEADC03013319B24FEA5C1C012303FAA0
:104730000CF357F83120A2604EEA030E07EBC103D9
:10474000083BE360C7F804E047F83140D4608310C9
:104750004FF0010C0CFA03FCF44535D81CEA0E0F9F
:1047600008D120F003004FEA4C0C1CEA0E0F00F1B8
:104770000400F8D007EBC00AD6468146DEF80C30BC
:104780000BE0596821F003014A1B0F2A1C46DB6825
:1047900000F31081002A80F224819E45F1D109F1B5
:1047A000010919F0030F0EF1080EE7D162E10C23A5
:1047B00033600024204603B0BDE8F08F4FF400734F
:1047C00040204FF03F0E7CE7BC68636823F003098C
:1047D000A94504D3A9EB05030F2B00F39780DFF85D
:1047E00094B1DBF8002004EB09031032082002EB3F
:1047F0000508009302F080FED7F808140131024644
:1048000005D008F1FF388044414201EA08084146DA
:104810003046009201F086FAB0F1FF3F009A8246DE
:1048200000F0198104EB0903834200F21281DBF8E6
:1048300004104144CBF8041002F1FF3C00F06D81FC
:10484000D7F80804013000F0748104EB0903AAEBE7
:1048500003031944CBF804101AF00703009300F087
:104860002E81C3F108018A44D0440A4408EA0C01AD
:10487000521A02EA0C013046019101F053FA421C2F
:1048800000F074810199A0EB0A0000EB0108DBF84D
:104890000420C7F808A048F001001144BC42CAF83F
:1048A0000400CBF8041015D0B9F10F0F40F2448189
:1048B0006268A9F10C0020F0070002F00102024337
:1048C0006260052322180F28C2E9013300F25681E5
:1048D000DAF80400DBF82C208A42DBF8302038BFFD
:1048E000CBF82C108A4238BFCBF83010544620F059
:1048F0000308A845A8EB050301D30F2B06DC3046BF
:1049000001F0DAFE55E7D7F804E020E7621943F03A
:10491000010345F0010565603046BA60536001F05F
:10492000CBFE0834204603B0BDE8F08FA2682344D4
:10493000D16030468A609CE6DC68A3427FF490AE8A
:104940000230D4E6BCF5206F4FEA5C2279D3142AFA
:1049500000F2C58002F15C031BB25B32DB00F91888
:10496000FB58083999420AD19FE000BF6801002036
:10497000700100204C0800209B68994204D05A68BE
:1049800022F003026245F7D8D968C4E902318C608D
:10499000DC60DCE6BEF1140F60D9BEF1540F00F20A
:1049A000A8804FEA153E0EF16F0003B20EF16E0EB5
:1049B000DB0086E6D4F808C03046661945F00105EC
:1049C0006560CCF80C30C3F808C042F00103C7E9B9
:1049D0000466C6E902887360625001F06DFE083417
:1049E000E8E6214430464A6842F001024A6054F841
:1049F000082FD3609A6001F05FFEDBE6A4443046E6
:104A0000DCF8043043F00103CCF8043001F054FE2C
:104A10000834CFE6E808431C1BB2DB0018E6621935
:104A200043F0010145F0010565603046C7E9042205
:104A3000C2E90288516044F80C3001F03DFE0834B0
:104A4000B8E64FEA9C1202F139031BB23832DB00A0
:104A500085E7BC4259D0BC68606848E70EF15C004D
:104A600003B20EF15B0EDB002BE65AF80839534512
:104A700040F0A38010F0030F00F1FF30F5D17B6808
:104A800023EA0C037B604FEA4C0C9C453FF69CAE3E
:104A9000BCF1000F04D197E64FEA4C0C09F1040970
:104AA0001CEA030FF8D0484664E692104FF0010C60
:104AB0000CFA02F24EEA020EC7F804E065E70AEBD0
:104AC000080101EA0C01521A02EA0C013046019178
:104AD00001F028F9431C7FF4D5AE0099D7E6542A9B
:104AE0002ED84FEA1C3202F16F031BB26E32DB008C
:104AF00035E7BEF5AA7F2ED84FEAD53E0EF17800F5
:104B000003B20EF1770EDB00DBE5DBF80410414465
:104B1000CBF8041002F1FF3C92E610EA0C0F7FF490
:104B20008FAED7F808A0C84448F00100CAF80400C6
:104B3000D0E6C7F808A48FE60123CAF80430DEE601
:104B4000B2F5AA7F24D84FEADC3202F178031BB217
:104B50007732DB0003E740F254539E4523D8AB0C79
:104B600003F17D0003F17C0EC300AAE5009BA3F1D5
:104B700008029044A8EB0A08002188E604F1080125
:104B8000304601F03DF9DBF80410D7F808A09FE6A5
:104B900040F254539A420CD84FEA9C4202F17D03F2
:104BA000DB007C32DBE64FF47E737F204FF07E0E1D
:104BB00087E54FF47E737E22D1E67B6863E700BF12
:104BC0002DE9F04F03690C69A34283B0C0F28A80DB
:104BD000013C01F1140500F1140855F8243058F88F
:104BE000242001339A428E4681464FEA840105EB28
:104BF000840708EB840AB2FBF3F63AD3CDE900153B
:104C00000022AC46404613465CF8041B05681FFAB8
:104C100081FB06FB0B22090C4FEA124B06FB01BB82
:104C200092B2A9B2891A19441FFA8BF3C3EB21433C
:104C300003EB154389B241EA0341674540F8041B81
:104C40004FEA1B424FEA2343DED2DDE9001558F854
:104C5000013073B9AAF1040AD04504D307E0D04566
:104C600004F1FF3403D25AF80439002BF7D0C9F805
:104C700010407146484602F041F900282EDB4146BB
:104C8000002255F8040BD1F800C01FFA80FE1FFA6D
:104C90008CF3A3EB0E031344020CC2EB234202EB92
:104CA0001C429BB243EA0243AF4241F8043B4FEA45
:104CB0002242E6D258F8242008EB84036AB9043B68
:104CC000434504D807E0984504F1FF3403D253F874
:104CD0000429002AF7D0C9F810400136304603B045
:104CE000BDE8F08F002003B0BDE8F08F2DE9F04F54
:104CF000A1B0CDE90A320291816B2A9D8DED040BA2
:104D000057EC106B044641B1C26B4A6001239340DB
:104D10008B6001F01DFE0023A363B7F10009B4BF4F
:104D2000012300232B60BE4BBCBF29F00049CDF806
:104D3000149033EA090300F0A1809DED047B00226A
:104D400051EC170B00238DED007B04F0D7FC82465D
:104D500068B10A9A012313602B9B13B12B9AB14BB4
:104D60001360B14B0793079821B0BDE8F08F9DED1C
:104D7000000B1EAA1FA9204602F02CFA5FEA195860
:104D80001E9D099040F090801F9B05EB030808F2E0
:104D90003243202B40F32E82C3F1400309FA03F97A
:104DA00008F2124326FA03F349EA030004F0C4F9B7
:104DB000012208F1FF38A1F1F8731292194600227E
:104DC0009A4B04F07BF890A3D3E9002304F02EFA69
:104DD0008FA3D3E9002304F073F8064640460F463C
:104DE00004F0BAF98CA3D3E9002304F01FFA0246B9
:104DF0000B463046394604F063F806460F4604F089
:104E0000C5FC00228146089000233046394604F054
:104E10007FFC002840F01481089EA5EB0805162EA3
:104E200005F1FF3B00F2D980814B03EBC603D3E9C8
:104E30000023DDE9000104F06BFC002840F0D48180
:104E4000002D40F384850F90B3440E960C90002300
:104E50000D93029B092B3BD8052BC4BF043B029347
:104E6000029BA3F10203CCBF00250125032B31D8FF
:104E7000DFE813F0EB02E802DE02C9010A9AC9F387
:104E8000130942F20F7359EA0609136019D12B9BDB
:104E9000002B00F03887674B079308332B9A07984D
:104EA000136021B0BDE8F08FDDE90001C1F3130309
:104EB00043F07F53A8F2FF38CDF848A043F44013E5
:104EC0007CE72B9B002B40F09A815B4B07934AE7D2
:104ED000002302930025E5632946204601F012FDD8
:104EE0000790002800F0AA86079BA3631F9B002B56
:104EF000C0F2B480089A0E2A00F3B0804C4B03EB4A
:104F0000C20393ED007BDDE9008957EC176B404647
:104F100032463B4649468DED027B04F0B1FA04F07F
:104F200035FC054604F018F932463B4604F07EF99C
:104F30000B4602464946404603F0C0FF05F13003E8
:104F4000079D05F8013B4FF0FF3A00944FF001092F
:104F50005446DDE902AB1DE052465B463046394619
:104F600004F08EFA04F012FC804604F0F5F8524684
:104F70005B4604F05BF909F101090B46024639462C
:104F8000304603F09BFF08F13003A14505F8013BD3
:104F900000F03A85294B002204F048F90022002352
:104FA00006460F4604F0AAFB0028D5D0089F009CB7
:104FB0000137AB460999204601F0CAFC00238BF863
:104FC00000300A9B1F602B9B002B3FF4CCAE079850
:104FD000C3F800B021B0BDE8F08F01230F93BBF1FF
:104FE000000FC0F2FB8000230C93089B002B80F283
:104FF000F2800C9A089BD21A5B420D9300230C920C
:105000000E9326E7AFF3008061436F63A787D23F1B
:10501000B3C8608B288AC63FFB799F501344D33FA7
:105020000000F07F499A0000489A00000000F83F15
:10503000509B00004C9A0000589A00000000244049
:10504000484604F089F832463B4604F057FB0028F6
:105050007FF4E2AE09F1FF330893DDE64FF0FF3A4B
:105060000B95CDF858A0129A002A40F0F1811E9BB2
:105070000D9FC3F136030C9A01212046D5189B449D
:1050800001F084FD0C9A0646002A40F07A830D9BBD
:10509000002B00F0EF83002F40F0D3830D9A099985
:1050A000204601F057FE012309900D93012120466F
:1050B00001F06CFD0E9B0090002B40F00183029BE1
:1050C000012B40F384830120584410F01F0000F0AE
:1050D000C781C0F12003042B40F392830C9BC0F1E5
:1050E0001C00034405440C938344002D05DD0999FD
:1050F0002A46204601F08EFE0990BBF1000F05DD27
:1051000000995A46204601F085FE00900F9B002B27
:1051100040F0EC82BAF1000F40F3AD820D9B002B02
:1051200040F0FA81089F0137DDF81C80DDF824B0DB
:10513000DDF80090012507E0594600230A222046A9
:1051400001F010FC0135834649465846FFF738FD0B
:10515000554500F1300008F8010BEDDB079BCDF859
:1051600024B0BAF1000F0AF1FF3503F10102D8BFF4
:10517000002505EB020A81460025099901222046F7
:1051800001F048FE0099099001F0B8FE002840F3B4
:105190007483079A02E0924500F07A83D3460AF1BD
:1051A000FF3A1BF8013C392BF5D001338AF8003067
:1051B0000099204601F0CCFB002E3FF4FBAE2DB150
:1051C000B54203D02946204601F0C2FB31462046B5
:1051D00001F0BEFBEEE69B440E9338E6C5F10103F9
:1051E0000C934FF0000B00E7089B013B0893002352
:1051F0000F93F4E6C3F1200306FA03F0D6E5B74BAC
:10520000079303334AE6012314930B9B089A134434
:1052100003F1010A5646012E1693B8BF0126172E38
:1052200040F36185012204235B0003F11400B042C6
:10523000114602F10102F7D9E163204601F062FB59
:105240000790002800F0FA84BAF10E0FA06300F274
:105250000E81002D00F00B81089A002A40F34E8346
:105260009F4902F00F0301EBC303D105D3E90067A7
:105270004FEA221540F1E6839A4BDDE90001D3E9BC
:10528000082304F0FDF8CDE9100105F00F054FF0FB
:10529000030985B1DFF84C82EA0740F1DD80304632
:1052A0003946F8E8022303F0C1FF6D1009F1010946
:1052B00006460F46F0D1DDE9100132463B4604F0C8
:1052C000DFF8CDE910010F9B53B1DDE91067864B84
:1052D00000223046394604F01BFA002840F0608472
:1052E000484603F039FFDDE9102303F09FFF7F4BB1
:1052F000002203F0E5FD0646A1F15077BAF1000F58
:1053000000F0D982089B1D93CDF85CA0744B1799CF
:105310001C93CDE91A6703EBC103DDE9105613EDC9
:10532000027B314628468DED187B04F02FFA00F100
:1053300030035FFA83F803F00FFF0B460246314655
:10534000284603F0BBFD079B0F4614995D1C0646DB
:105350001095002900F0A983DDE918236449002095
:1053600004F08EF8DDE91A2303F0A8FD079B32460E
:1053700083F800803B46CDE9140104F0E7F90028EA
:1053800040F06F84DDF85C80CDF860B0CDF85CA0B3
:105390004FF00009DDE914AB10942BE009F101098D
:1053A000C14580F2CA81534B50465946002203F052
:1053B0003DFF504B002282468B463046394603F073
:1053C00035FF0F46064604F0E1F9044603F0C4FE3B
:1053D00002460B463046394603F070FD303405F87E
:1053E000014B52465B4606460F4604F091F90028F1
:1053F00040F0368432463B463B49002003F05EFDD8
:1054000052465B4604F084F90028C7D01D9E109CCC
:10541000079A013602E0954200F0F283AB4615F898
:10542000013D392BF7D00133DBB22B703746C1E594
:10543000012314930B9B002B40F3B2810B9E169615
:10544000B246ECE600231493DFE600231493F1E761
:105450000D9F03F233430EE66D1008F108081BE7B9
:105460001C230C9A1A441D440C929B443DE61F9B3E
:10547000002BC0F25781089A0E2A00F35381184B73
:105480001C931C9B089A03EBC20393ED007B0B9BC0
:10549000002B8DED027B80F2DC82BAF1000F00F36D
:1054A000D88240F02182144B0022DDE9020103F092
:1054B000BDFE02460B46DDE9000104F033F951461A
:1054C000002840F01282DDF81CB031230BF8013BBC
:1054D000204601F03DFA089F02376BE5589A00001C
:1054E000509B0000409C00000000F03F00001C406A
:1054F0000000E03F0000244000001440314600233B
:105500000A22204601F02EFA169B002B064640F395
:10551000E083DDF858A008950C9B002B05DD314693
:105520001A46204601F076FC06460E9B002B40F002
:105530005482B046079D05F1FF3B0BEB0A030C9329
:10554000049BDDF824B003F001030D930099584645
:10555000FFF736FB31468246584601F0CFFC0099F2
:1055600007464246204601F0EBFCC3680AF13009C9
:105570000146002B36D10B90584601F0BFFC0B9929
:105580000990204601F0E4F9099B002B58D1029BB9
:105590001BB90D9B002B00F08583002FC0F24B83BD
:1055A0000C9BAA469D420AF8019B00F07682594660
:1055B00000230A22204601F0D5F9464583463146AC
:1055C0004FF000034FF00A02204633D001F0CAF931
:1055D0004146064600230A22204601F0C3F95546FB
:1055E0008046B3E72046CDF824B001F0B1F9002F92
:1055F00006DB049B03F00102029B1F433A432CD1BC
:1056000009990122204601F005FC0099099001F05A
:1056100075FC002840F32A83B9F1390F00F0F382BA
:105620000AF13109AB46089F0BF8019B354601375B
:105630004646BDE501F096F955460646804685E7A3
:10564000002FC0F20283029A17430D9A174300F00D
:10565000FC82002BA4DDCDF824B0B9F1390F00F0A5
:10566000D282AB46089F09F1010335460BF8013B96
:10567000013746469CE5029B022B7FF74FADBAF1FE
:10568000000F40F08C81009953460522204601F01E
:1056900069F901460090099801F030FC002840F3B8
:1056A0007E81DDF81CB0009931230BF8013B2046C8
:1056B00001F04EF9089F0237002E7FF487AD79E4A0
:1056C0001A460146204601F045FB029B0090012B43
:1056D00040F3768100230E93009A136902EB830353
:1056E000186901F0E9F9C0F12000EDE4009909988A
:1056F00001F004FC0028BFF60DAD00230999089DB8
:105700000A22204601F02EF90D9B0990013D002B45
:105710007FF4F4AE169B002B40F3D082089FDDF897
:1057200058A001E5149A92B90C9B002B6DD10D9BEA
:10573000002B7BD11D461E46B8E41F9B109C002BFE
:10574000DDE917AB03DB089A0E2A7FF79AAE029ABF
:10575000012A7FF788AC0D9B0AF1FF37BB42C0F2EC
:10576000FF80BAF1000FA3EB070780F2A4820121AA
:1057700020460C9D01F00AFAA5EB0A080646CDF872
:105780003080BBF1000F7FF782AC0C9A5A4513466C
:10579000A8BF5B46D21AED1A0C92ABEB030B76E472
:1057A0000021E163204601F0ADF80790002800F0E9
:1057B0004582079BA363002D40F0FE801F9B002BBA
:1057C000C0F269820122169292460B9253E6049B24
:1057D000002B7FF478AC059BC3F31303002B7FF4FD
:1057E00072AC059B23F000431B0D1B05002B3FF4FF
:1057F0006AAC012301350BF1010B0E93184663E4EB
:105800003FF473ACC0F13C032BE6BBF1000F00F09A
:10581000B3810C9A0D9E5A451346A8BF5B46D51A14
:10582000ABEB030B0C95002E3FF440AC0D9A09999D
:10583000204601F08FFA00230C9D09900D931E461F
:1058400034E431463A46204601F084FADDF82490EB
:1058500001464A460646204601F0C6F949468046BA
:10586000204601F075F80D9BCDF82480DB1B0D93CD
:105870007FF414AC01230D9318E403D119F0010F48
:105880007FF487ACD3461AF8013D302BFAD08FE471
:10589000079A3123013713708AE4484603F05CFC11
:1058A000DDE9102303F0C2FCB74B002203F008FB34
:1058B0000646A1F15077B54B0022DDE9100103F057
:1058C000FDFA32463B468046894603F03FFF0028FA
:1058D00040F0A48140464946324607F1004303F0B8
:1058E00017FF00283FF4C3AD0021204601F030F837
:1058F0000B9BDDF81CB05F42FFF75CBB00F07881CA
:10590000089BA34A5D4205F00F0302EBC303D3E9F2
:105910000023DDE9000103F089FC2D11CDE9100120
:1059200000F0DD819B4E4FF00209EB070CD5DDE95D
:105930001001F6E8022303F079FC6D10CDE91001A7
:1059400009F10109F1D1BEE46D100836EDE7C5F1AA
:1059500001030C93089B0F909B460E93FFF777BAB9
:105960000D9B0E9AFB1A1A440C9B0E9201212046A5
:1059700003EB0A0501F00AF90C9B0D97D344064688
:10598000002B3FF48BAB0C9A5A451346A8BF5B46DD
:10599000D21AED1A0C92ABEB030BFFF77FBB009909
:1059A000204600F0D5FF0B9BDDF81CB05F42002EB7
:1059B0007FF40CACFFF7FEBA1695AA460B954BE4A4
:1059C000049B002B7FF486AEDDE90412C2F31303BF
:1059D000002B00F052810E917EE67168204600F0A7
:1059E00091FF0546002800F08781336902339A0051
:1059F00006F10C010C30FCF7AFFD294601222046D0
:105A000001F008FA804695E5009C02460B4603F03B
:105A100057FA089FDDE90223013782468B463E464E
:105A200003F094FE48B9DDE902235046594603F0DD
:105A300065FE20B118F0010F01D0079AEEE4AB46E5
:105A4000FFF7B8BA9DED007B4FF002098DED107B9A
:105A50001FE4079B01331093DDE90056DDE90223C3
:105A60002846314603F00CFD03F090FE804603F01B
:105A700073FBDDE9022303F0D9FB02460B462846FF
:105A8000314603F01BFA079A109D08F13003BAF172
:105A9000010F13707FF459AAB7E7089FCDF824B01F
:105AA000354601374646FFF768BBDDE91A23DDE9D5
:105AB000180103F0BBFB079B83F80080179B012BA9
:105AC000CDE9120123D0079B179ADDF8408003EB44
:105AD0000209314B00223046394603F0A7FB0F463E
:105AE000064603F053FE054603F036FB303502460A
:105AF0000B463046394603F0E1F908F8015BC8452A
:105B000006460F46E5D1109B5D1E179B1D44DDE93F
:105B10001289224B00224046494603F0D1F9324611
:105B20003B4603F0F5FD002840F0958042464B4689
:105B30001A49002003F0C2F932463B4603F006FE44
:105B400080B91F9B002BFFF6EFAD089B0E2B3FF794
:105B5000EBAD1C9B089A03EBC20797ED007B8DED24
:105B6000027B79E7AB46013D1BF8013C302BF9D0B5
:105B70001D9F0137FFF71EBA0D9E002E7FF456AE13
:105B80000C9DFFF793BA00BF00001C4000001440BA
:105B9000509B0000409C0000000024400000E03FBB
:105BA000BAF1000F3FF479AE169D002D7FF75FAC80
:105BB000089B013B304639461D930022544B03F0AD
:105BC00035FB024616460F4609F10100CDE9106784
:105BD00003F0C2FA32463B4603F028FB4D4B00224D
:105BE00003F06EF917950646A1F15077FFF78EBBCB
:105BF0009DED007B4FF002098DED107BFFF763BB3D
:105C00000136312311E4AA46089F079A3923354605
:105C10000AF8013B01374646FFF7C0BADDF81CB071
:105C200031230BF8013B0021204600F091FE089F34
:105C30000237FFF7BFB9CDF824B0F3E4364B37484D
:105C4000002240F2AF1100F001FE002BCDF824B08D
:105C50003FF7D6ACE6E41D9E079A0136FFF7DEBBA0
:105C6000109C1D9FAB460137FFF7A4B97FF4DAAC57
:105C700019F0010F7FF4D0ACD4E4059B23F000436E
:105C80001B0D1B05002B3FF426AD012301350BF145
:105C9000010B0E9320E5149B4BBB012316939A46F0
:105CA0000B9341E5B9F1390FCDF824B0ABD0002FFB
:105CB0003FF7B6ACB6E45346FFF7DDB9029A022AC5
:105CC00003DC089F9A46FFF72FBA0895DDF858A025
:105CD000D5E4029A0895022AF8DC9A461CE44FF0B3
:105CE0000209FFF7F0BA0021E163FFF7A6BA149B9F
:105CF0000B939A4616932EE5074B08482A4640F226
:105D0000EF2100F0A3FD064B0793FFF72CB800BF6F
:105D10000000244000001C405C9A0000709A0000C3
:105D20004C9A000038B5074D0022044608462A6008
:105D300003F08CFD431C00D038BD2B68002BFBD03A
:105D4000236038BD140A00202DE9F84306460820D8
:105D5000894601F0D1FBDFF8A4800546304600F00B
:105D6000A9FCD8F808305F6827F00307A7F11104F1
:105D7000A4EB09042C44B4FBF5F4013C05FB04F44A
:105D8000A54208DC00213046FFF7CCFFD8F80830E8
:105D90003B44984205D0304600F08EFC0020BDE820
:105DA000F88361423046FFF7BDFF01300FD0114A42
:105DB000D8F808303F1B47F001075F601368304692
:105DC0001B1B136000F078FC0120BDE8F883002164
:105DD0003046FFF7A7FFD8F80820831A0F2BDADD2B
:105DE00043F001035360044B02491B68C01A08606A
:105DF000D1E700BF50080020700500206801002096
:105E000000295BD0F8B50C46074600F053FC54F867
:105E100004CC744DA4F108022CF00103D118A86839
:105E20004E68884226F003060CF0010E7ED08819D9
:105E30004E60406800F00100BEF1000F2FD154F811
:105E4000084C121B2344946805F1080C644562D089
:105E5000D2F80CE0C4F80CE0CEF8084000287FD05F
:105E600043F0010050600B60B3F5007F2FD2D908DA
:105E700068685C090131012309B2A34003436B60E8
:105E800055F83100906005EBC103083BD36045F83D
:105E90003120C2603846BDE8F84000F00DBC70B952
:105EA000334405F1080C8868604543F0010471D063
:105EB000C968C16088605460D350D5E770474CF022
:105EC0000101B3F5007F44F8041CD350CFD3B3F5E0
:105ED000206F4FEA532045D2980900F1390109B2E9
:105EE00000F13804C900681869580838884203D19D
:105EF00057E08968884204D04C6824F003049C422F
:105F0000F7D8C868C2E9021082603846CA60BDE8A6
:105F1000F84000F0D1BB88BB1E44D1E90213CB602E
:105F2000996046F0010353609651B3E71E44BEF1F9
:105F3000000F07D154F8083CD21A1E44D2E90213CC
:105F4000CB60996046F001035360274BAA601B6841
:105F5000B3429FD8254B38461968FFF7F5FE99E7FD
:105F60003344A0E714280ED9542821D8180B00F187
:105F70006F0109B200F16E04C900B4E743F00100FB
:105F800050600B6086E700F15C0109B200F15B0430
:105F9000C900A8E7C5E90422C2E902CC5460D35085
:105FA00078E76E68A4100123A34033436B60A9E730
:105FB000B0F5AA7F07D8D80B00F1780109B200F13B
:105FC0007704C9008FE740F25451884206D8980CF4
:105FD00000F17D0100F17C04C90084E74FF47E717B
:105FE0007E2480E768010020740500204C08002012
:105FF0002DE9F04F294F83B03E680190B6B18B4632
:106000004FF000094FF001087468651E0ED401348A
:1060100006EB8404BBF1000F0BD0D4F800315B45D4
:1060200007D0013D6A1CA4F10404F6D103B0BDE819
:10603000F08F73682268013BAB420CBF7560C4F8F7
:1060400000907AB1D6F88811D6F804A008FA05FCB9
:106050001CEA010F0ED1904771683A68514516D17C
:10606000B24214D1013D6B1CA4F10404D2D103B09F
:10607000BDE8F08FD6F88C31D4F880101CEA030FFD
:1060800009D10198904771683A685145E8D0002AD3
:10609000CCD01646B8E708469047DDE780080020D8
:1060A000024B13B10248FCF7DFB870470000000054
:1060B0008921000000000000000000000000000036
:1060C00001F0FF01102A2BDB10F0070F08D010F8A9
:1060D000013B013A8B422DD010F0070F42B3F6D1AD
:1060E000F0B441EA012141EA014122F007047FF0C6
:1060F00000070023F0E80256083C85EA010586EA1D
:10610000010685FA47F5A3FA87F586FA47F6A5FA58
:1061100087F68EB9EED1F0BC01F0FF0102F0070264
:1061200032B110F8013B013A83EA010313B1F8D10F
:106130000020704701387047002D06BF35460338F0
:10614000073815F0010F07D1013015F4807F02BF29
:10615000013015F4C03F0130F0BC0138704700BF7A
:10616000B1F90C202DE9F04115070C4680464ED4BC
:10617000496842F400630029A38163DDA66A002E0A
:1061800042D0002112F48052D8F80050C8F8001014
:1061900065D1E16901234046B0470246501C6CD0EE
:1061A000B4F90C30A66A590705D56368D21A236B77
:1061B0000BB1E36BD21A0023E1694046B047421CA1
:1061C000B4F90C304DD1D8F800101D2940D8304A10
:1061D000CA40D7073CD52269226023F40062A2811D
:1061E000DE044FF00002626001D5002943D0216B2C
:1061F000C8F8005041B104F14003994202D0404632
:10620000FFF7FEFD002323630020BDE8F0810E6947
:10621000002EF9D00D680E6092070CBF4B69002369
:10622000AD1B8B600BE02B463246E169676A404646
:10623000B847B0F1000CA5EB0C05664406DD002D57
:10624000F1DCE1E7E16B002998DCDDE7B4F90C3023
:1062500043F04003A3814FF0FF30BDE8F081226D91
:10626000A1E72269226023F40062A281DB044FF0DF
:1062700000026260BBD52065B9E7D8F80030002B7A
:106280008ED01D2B01D0162BE0D1C8F80050BBE7F3
:106290000100402010B5044682B008B1436B53B1F1
:1062A000B1F90C0008B902B010BD204602B0BDE83B
:1062B0001040FFF755BF0191FCF76AFB0199EFE72A
:1062C000A0B138B50C4B1D6804460DB16B6B4BB1DA
:1062D000B4F90C0000B938BD21462846BDE8384065
:1062E000FFF73EBF2846FCF753FBF1E7034A04499A
:1062F0000448FCF775BB00BF3000002058010020A7
:10630000956200003800002070B4164D2C681CB354
:1063100065681F2D23DC38B9AB1C0135656044F876
:106320002310002070BC704704EB850C0228CCF8C9
:106330008820D4F888614FF0010202FA05F246EA9B
:106340000206C4F88861CCF80831E5D1D4F88C3164
:106350001343C4F88C31DFE7034C2C60D8E74FF0CF
:10636000FF30DFE780080020840800202DE9F84F87
:106370001646002900F098800C46804606F10B0571
:1063800000F098F954F8041C162DA4F1080921F026
:10639000030758D81025AE4258D8AF4262DABF4B37
:1063A0009A6809EB070C6245DCF8040000F0928063
:1063B00020F0010363445B68DB076AD420F003002C
:1063C0003B189D4249DDCB0712D454F8083CA9EB99
:1063D000030BDBF8043023F00302104400EB070A40
:1063E000554540F3F88007EB020A554540F3CE804F
:1063F00031464046FEF71CF90646002800F022818F
:1064000054F8043C23F001034B44A0F108029342EA
:1064100000F0B6803A1F242A00F2D980132A00F235
:10642000A480034622461168196051685960926839
:106430009A6021464046FFF7E3FC404600F03CF9F5
:106440003046BDE8F88F35F00705A4D50C23C8F811
:10645000003000263046BDE8F88F1F46DCE90223F5
:10646000D3609A60D9F804307A1B0F2A03F0010335
:1064700009EB07001DD83B43C9F80430436843F0DB
:1064800001034360404600F017F926463046BDE858
:10649000F88FC907ACD454F8083CA9EB030BDBF820
:1064A000043023F003029EE7BDE8F84F1146FEF7E3
:1064B000BFB809EB05012B4342F00102C9F80430D3
:1064C0004A60436843F00103436008314046FFF7E8
:1064D00097FCD7E720F00300C21905F1100C6245C4
:1064E00080F29180CA0783D454F8082CA9EB020BE0
:1064F000DBF8042022F00302104400EB070AD44525
:106500003FF771AF5E46DBF80C1056F8080F3A1FE4
:10651000242AC160886000F2AE80132A40F2A9806C
:106520002168CBF808106168CBF80C101B2A00F228
:10653000A88008340BF11002216811606168516075
:10654000A16891600BEB0501AAEB050242F0010284
:1065500099604A60DBF8043003F001032B434046A6
:10656000CBF8043000F0A8F890E723680360636874
:1065700043601B2A3CD804F1080200F1080352E7EB
:1065800050F8043C23F003031F446BE73A1F5E46B8
:10659000DBF80C3056F8081F242ACB60996022D80B
:1065A000132A1ED92368CBF808306368CBF80C3067
:1065B0001B2A3BD808340BF1100322681A6062686A
:1065C0005A60A2689A6034465746D9464AE721463F
:1065D000FCF75CF82DE7DCE902133A1FCB60996009
:1065E000D5E73346E9E721463046FCF74FF8EAE7BE
:1065F000A3688360E368C360242A27D004F11002F3
:1066000000F110030FE709EB05019960531B43F0FC
:1066100001034B6054F8043C03F001032B43404654
:1066200044F8043C00F048F826462FE7A368CBF86E
:106630001030E368CBF81430242A10D010340BF15A
:106640001803BAE7404600F037F802E72369036110
:106650006169416104F1180200F11803E3E623695E
:10666000CBF818306369CBF81C3018340BF12003D9
:10667000A3E7324660E721463046FCF707F8074BB0
:1066800060E7A168CBF81010E168CBF81410242A59
:1066900006D010340BF118024EE700BF680100204D
:1066A0002269CBF818206269CBF81C2018340BF152
:1066B000200241E7704700BF704700BF38B53D4B2F
:1066C0001B6805460C4613B15A6B002A5AD0B4F920
:1066D0000C3019070BD522699AB113F0010221D1B0
:1066E0009B075ABF6369A360A260002038BDDA0629
:1066F00058D558071CD4226943F00803A381002A07
:10670000EBD1990528D5180603F0800124D4D807C9
:1067100041D49D073CD5A2600029E6D043F0400358
:10672000A38144E0636900225B42A260A361DCE7CD
:10673000216B51B104F14002914204D02846FFF789
:106740005FFBB4F90C300022226322690021C4E906
:10675000002123F02403CFE72146284600F060FF04
:10676000B4F90C30226913F001010FD061690020E7
:106770004942A060A161002AB7D103F0800100293D
:10678000B3D0CBE71846FCF703F9A0E7980700D48D
:106790006169A160EFE76069A2604042A0610029E1
:1067A000A3D0BBE7092243F040032A60A3814FF046
:1067B000FF3038BD3000002010B50C46B1F90E1086
:1067C00000F084FE002803DB236D0344236510BD25
:1067D000A38923F48053A38110BD00BF002070471C
:1067E0002DE9F0410C46B1F90C101F46CB050546CA
:1067F00016460BD421F48051A1813B46B4F90E100A
:1068000032462846BDE8F04100F09ABEB4F90E10B9
:106810000223002200F09CFFB4F90C10EAE700BF4D
:1068200010B50C46B1F90E1000F092FFB4F90C301F
:10683000421C0EBF23F4805343F480532065A38190
:1068400010BD00BFB1F90E1000F090BE00B50B4CAA
:1068500025681446EE681A4685B003460D464CB1CD
:1068600007490095CDE901143046064900F01AFEAB
:1068700000F08EFE04490C46F3E700BF3000002014
:106880009C9A0000AC9A0000A89A000008B5134634
:106890000022FFF7DBFF00BF194B1B6883422ED09D
:1068A000416C70B5054681B100268C593CB121463A
:1068B00024682846FFF7A4FA002CF8D1696C043646
:1068C000802EF2D12846FFF79BFAA96B11B128461A
:1068D000FFF796FA2C6C34B1214624682846FFF75E
:1068E0008FFA002CF8D1E96C11B12846FFF788FA2D
:1068F0006B6B1BB12846BDE87040184770BD7047F0
:1069000030000020436C70B505460C464BB153F87F
:10691000240080B1026843F824200023C0E9033337
:1069200070BD2122042100F045FE03466864002862
:10693000EDD1002070BD012101FA04F6721D920014
:10694000284600F037FE0028F3D0C0E90146E4E70E
:1069500031B1436C4A6853F82200086043F82210B2
:10696000704700BF2DE9F0410D6907460E461C46F1
:1069700001F1140E0020DEF800108BB202FB03437D
:106980004FEA134C090C02FB01CC01309BB203EB24
:106990000C4385424EF8043B4FEA1C44EBDC3CB10F
:1069A000B368AB4207DD06EB850301355C613561F9
:1069B0003046BDE8F081716838460131FFF7A2FF2B
:1069C0008046A8B13269023206F10C0192000C3007
:1069D000FBF7C2FD7B6C726853F82210316043F8FC
:1069E0002260464606EB850301355C613561DFE7D1
:1069F000024B03484246BA21FFF728FF5C9A000089
:106A0000DC9A00002DE9F8431746284A1E46083351
:106A10000C46092E82FB03124FEAE3730546C3EBD3
:106A200062033ADD4FF0010C00214FEA4C0C634544
:106A300001F10101F9DC2846FFF764FF014670B35C
:106A4000089B4361092F4FF00103036112DC0A34F4
:106A50000927BE420BDDF61B264414F8013B0A222F
:106A6000303B2846FFF77EFFB4420146F5D1084689
:106A7000BDE8F88304F1090804EB0709444614F85B
:106A8000013B0A22303B2846FFF76CFF4C4501468C
:106A9000F5D1B844A8F10804DBE70021CBE70A46AA
:106AA000034B0448D321FFF7D1FE00BF398EE338F2
:106AB0005C9A0000DC9A0000B0F5803F034636BFC8
:106AC000030400201020B3F1807F3CBF1B0208307C
:106AD000B3F1805F06D3B3F1804F0FD29A0012D486
:106AE000033070471A01B2F1804F00F1040006D262
:106AF0009B0108D45B00F3D4202070471A46002A7B
:106B0000FBDB013070470230704700BF0368590754
:106B1000024607D0D8071DD499072AD55B08136011
:106B20000120704799B279B91B0CD9B2A1B11020DC
:106B3000190701D104301B09990712D0D90701D4D4
:106B400001305B0813607047D9B241B1180718D102
:106B50000420F0E70020704718201B0AE8E708200F
:106B6000FBE713F0040F4FEA930106D002300B4607
:106B7000E8E79B08136002207047DB0804D120205F
:106B80007047DB080320DDE70330DBE738B5436CF3
:106B900004460D464BB15868B0B102685A600022F5
:106BA0000123C0E90323456138BD2122042100F0FF
:106BB00001FD034660640028EDD1094B094800221D
:106BC00040F24511FFF742FE1C220121204600F051
:106BD000F1FC0028F1D001220223C0E90123DEE705
:106BE0005C9A0000DC9A00002DE9F04FD1F810808B
:106BF0001569A84585B00E46924605DB2A465346E0
:106C000045468A4690461E46DAF80830DAF80410FF
:106C100005EB0804A342B8BF0131FFF773FE8446B9
:106C2000002800F08C8000F1140707EB840E7745F4
:106C300005D23B46002243F8042B9E45FBD8143670
:106C400006EB88080AF11409464509EB850567D269
:106C5000A5EB0A03153B0AF1150A23F00303AA4525
:106C600094BF9B464FF0000BCDF808E00394AE466E
:106C7000E24605E0090C2BD1B04507F104074CD9D9
:106C800056F8041B8DB2002DF4D0CC463C460023B0
:106C900001965CF8040B216886B28AB2000C05FBF1
:106CA0000622090C1A4405FB001101EB124192B2B5
:106CB00042EA0142E64544F8042B4FEA1143E8D882
:106CC00007EB0B02019E536056F8041C090CD3D04D
:106CD0003B68002248461D463C469446028801FB1C
:106CE00002C202EB15429BB243EA024344F8043B62
:106CF00050F8043B25684FEA134CABB201FB0C3350
:106D000003EB124386454FEA134CE7D807EB0B021F
:106D1000B045536007F10407B2D8DDE902E4D44678
:106D2000002C02DC05E0013C03D05EF8043D002BA2
:106D3000F9D06046CCF8104005B0BDE8F08F034BA9
:106D4000034862464FF4B171FFF780FD5C9A000082
:106D5000DC9A000012F003032DE9F04114460746C7
:106D600032D10E46A4102CD03D6C002D35D004F04D
:106D700001034FF0000864103BB92868B8B105461C
:106D800004F001036410002BF7D02A463146384640
:106D9000FFF72AFF36B17B6C716853F8212032600F
:106DA00043F8216074B1064628680028E7D12A46D6
:106DB00029463846FFF718FF2860C0F800800546CE
:106DC000DEE73046BDE8F081013B0F4A52F8232050
:106DD0000023FFF7C7FD0646C4E701213846FFF749
:106DE00091FD054640B1012340F27122C0E9043211
:106DF000002338640360BAE7044B05482A4640F292
:106E00004511FFF723FD00BF409B00005C9A000086
:106E1000DC9A00002DE9F0470C4690462769A368EC
:106E2000496807EB62177D1C9D4206464FEA6219CE
:106E300004DD5B009D4201F10101FADC3046FFF701
:106E400061FD844600284ED0B9F1000F00F1140016
:106E50000BDD09F105020CEB82020346002143F829
:106E6000041B9342FBD100EB8900216904F1140358
:106E700018F01F0803EB81012DD0C8F120098646C8
:106E80004FF0000A1A6802FA08F242EA0A024EF8C3
:106E9000042B53F8042B994222FA09FAF2D80B1B5F
:106EA000153B23F0030304F11502914238BF002380
:106EB000043340F803A0BAF1000F00D13D46736CD3
:106EC0006268CCF8105053F822102160604643F8F5
:106ED0002240BDE8F087043853F8042B40F8042F13
:106EE0009942F9D8EAE7034B034862464FF4EF7141
:106EF000FFF7ACFC5C9A0000DC9A00000B6984464A
:106F00000069C01A16D10CF1140C14310CEB830279
:106F100010B401EB830301E0944508D252F8044D0C
:106F200053F8041D8C42F7D005D24FF0FF305DF8C6
:106F3000044B7047704701205DF8044B704700BF59
:106F40002DE9F04F13690E69F61A002E83B08946B9
:106F5000154614D101F1140702F1140101EB83016C
:106F600007EB830301E09F427ED253F8044D51F8B2
:106F7000042D9442F7D080F08480012603E0FCDBEE
:106F800000260D4691466968FFF7BCFC01460028C3
:106F900000F084802F69C660D9F8100005F1140B49
:106FA00005F1100201F1140A09F1140505EB800046
:106FB0000BEB870ED0460023CDF804B0944655F86D
:106FC000046B5CF8042F1FFA86FB94B2A4EB0B044D
:106FD0001C44330CC3EB124303EB2443A4B244EA36
:106FE0000344A84248F8044B4FEA2343E7D8264617
:106FF000A0EB0904153CDDF804B024F0030409F10A
:107000001509484538BF00240BEB0402043204EB99
:107010000A05964505F10404104636D9AAEB0B0A79
:1070200000EB0A0C50F8045B13FA85F62B442D0C88
:1070300005EB26459BB243EA05468645CCF8006041
:107040004FEA2543ECD80EF1FF339B1A23F00303DC
:10705000234426B953F8042D013F002AFAD00846EC
:107060000F6103B0BDE8F08F0021FFF74BFC014634
:1070700068B101220023C0E90423084603B0BDE83B
:10708000F08F2B464D4699467DE72B46E1E70A46B1
:10709000064B074840F23721FFF7D8FB0A46034B5F
:1070A000034840F24521FFF7D1FB00BF5C9A000086
:1070B000DC9A000082B08DED000B164B019A134054
:1070C000A3F15073002B06DD00221946104641EC57
:1070D000100B02B070475B42B3F1A07F4FEA23521E
:1070E00009DA4FF40023134100221946104641ECFF
:1070F000100B02B07047A2F114031E2BDABF4FF041
:107100000042DA40012200231946104641EC100BE0
:1071100002B070470000F07FF8B5046900F1140672
:1071200006EB8404271F54F8045C2846FFF7C4FCD0
:10713000C0F120030A280B6033DDBE42A0F10B0131
:1071400019D254F8080C21B3C1F120078D4020FA60
:1071500007F215438840A4F1080145F07F538E42A1
:1071600043F4401319D254F80C1CF940084302466A
:1071700043EC102BF8BD0B280AD005FA01F141F0C1
:107180007F53002043F44013024643EC102BF8BD1C
:10719000002045F07F5343F44013024643EC102B8C
:1071A000F8BDC0F10B0C25FA0CF1BE4241F07F5343
:1071B00038BF54F8081C00F1150034BF21FA0CF157
:1071C000002105FA00F0084343F44013024643EC63
:1071D000102BF8BD2DE9F0430E4683B0012159EC88
:1071E000108B1546FFF78EFB0446002844D0C9F3E8
:1071F0000A57C9F313030FB143F480130193B8F195
:10720000000313D101A8FFF781FC019B63610121F9
:10721000203021610FB3A7F233470744C0F1350096
:1072200037602860204603B0BDE8F08368460093CD
:10723000FFF76CFCDDE9002330B1C0F1200103FA57
:1072400001F1C3400A430193002B0CBF012102212D
:107250006261A3612161002FDDD104EB8103A0F203
:10726000324030601869FFF727FCC0EB41102860FE
:10727000204603B0BDE8F083034B0448224640F2A9
:107280000F31FFF7E3FA00BF5C9A0000DC9A0000C0
:107290002DE9F04383B0884669468146FFF73CFFFD
:1072A00001A9404655EC104BFFF736FFD8F81030D7
:1072B000D9F81020D21ADDE900315B1A03EB421332
:1072C000002B59EC108B0DDD05EB03573D46424674
:1072D0004B462046294602F0D3F841EC100B03B090
:1072E000BDE8F083C3EB033309EB03518946EEE7B6
:1072F000172870B506460CDD0A490B4D0020002406
:1073000022462B4601F092FF013EF9D141EC100BD1
:1073100070BD064B03EBC003D3E9040141EC100B35
:1073200070BD00BF0000F03F00002440409B000003
:107330000139491101F1010C116902F1140303EB48
:1073400081018B4200EB8C0C16D210B5A0F1040E1B
:1073500053F8044B4EF8044F9942F9D8891A15395D
:1073600021F0030104300844844504D9002340F887
:10737000043B8445FBD810BD844505D9002340F863
:10738000043B8445FBD87047704700BF03694A112E
:10739000934200F1140009DA00EB830302E053F892
:1073A000042DAAB98342FAD80020704700EB82036B
:1073B000F8DD11F01F01F5D010B450F8224024FA86
:1073C00001F28A40944209D001205DF8044B7047D5
:1073D0000120704753F8042D002AF5D18342F9D8D3
:1073E00000205DF8044B704770B5002935D0064683
:1073F0000C4610B1436B002B3AD0FBF7D9FAB4F925
:107400000C3043B321463046FEF7AAFEE36A054638
:1074100033B1E169304698470028B8BF4FF0FF35D7
:10742000A3891B061CD4216B41B104F1400399428E
:1074300002D03046FEF7E4FC00232363616C21B1E7
:107440003046FEF7DDFC002363640023A381FBF7D5
:10745000B1FA284670BDFBF7ADFA0025284670BD8D
:1074600021693046FEF7CCFC216B0029DDD1E5E730
:10747000FBF78EFAC1E700BF024B01461868FFF721
:10748000B3BF00BF300000200CB400B583B004AB24
:1074900053F8042B019300F0F5FA03B05DF804EB08
:1074A00002B070470EB410B583B005AB064C53F86C
:1074B000042B01930146206800F0E4FA03B0BDE814
:1074C000104003B0704700BF3000002038B50D46B3
:1074D000084C8446114628461A4600232360654618
:1074E00002F0ACF9431C00D038BD2368002BFBD060
:1074F0002B6038BD140A0020082802D14FF48050B8
:10750000704708B500F006F8162303604FF0FF300F
:1075100008BD00BF014B1868704700BF3000002055
:10752000936810B514461BB918460023636010BD5C
:10753000FAF7A0FE0023A3600023636010BD00BF24
:1075400038B50D46084C8446114628461A46002395
:107550002360654602F088F9431C00D038BD2368DB
:10756000002BFBD02B6038BD140A002038B5074D26
:107570000022044608462A6002F030F9431C00D07D
:1075800038BD2B68002BFBD0236038BD140A0020C7
:1075900008B5062000F08EF9012002F06DF900BF59
:1075A000F030704700487047680600200048704778
:1075B0006806002038B5A1FB021454BBFDF738F86B
:1075C000054650B350F8042C22F00302043A242A52
:1075D00010D8132A13D91B2AC0E9004416D9242A2B
:1075E000C0E902440ABFC0E9044400F1100200F1FE
:1075F000180205E02146FAF7DBFD284638BD0246B1
:107600000023C2E900339360284638BD00F1080228
:10761000F6E7FFF77FFF0C2303600025284638BDFF
:1076200070B5B1F90C300C46990796B007D504F146
:1076300043030122C4E90432236016B070BDB4F9DB
:107640000E10002905462BDB6A4601F037F90028A9
:1076500024DB4FF480612846019EFCF7E9FFB4F972
:107660000C30A0B306F4704643F080034FF4806200
:10767000B6F5005FA38120602061626135D1B4F965
:107680000E10284601F048F9B4F90C3068B323F025
:10769000030343F001034FF4006214E0B4F90C302B
:1076A00013F0800F0CBF4FF4806640263146284609
:1076B000FCF7BEFFB4F90C3048B1C4E9040643F04E
:1076C0008003206000221343A38116B070BD9A0589
:1076D000B3D423F0030304F1430243F00203012176
:1076E000C4E90421A3812260A7E74FF40062EAE71E
:1076F00070B50C46B1F90E10002996B015461E461D
:1077000014DB6A4601F0DAF800280FDB019901F476
:107710007041A1F50051B1FA81F14FF4806349093C
:107720004FF4006031602B6016B070BDA18911F07C
:10773000800106D000214023084631602B6016B03E
:1077400070BD4FF48063084631602B6016B070BD89
:1077500038B50D46084C8446114628461A46002383
:107760002360654602F062F8431C00D038BD2368F0
:10777000002BFBD02B6038BD140A002038B5D0F8A0
:1077800018410CB1002038BD80210546FCF750FFA0
:107790000246C5F8180130B1031F7C3243F8044F8C
:1077A0009342FBD1EEE74FF0FF3038BD30B51F29D3
:1077B00083B0054609D8D0F818310C465BB153F8B0
:1077C000240043F8242003B030BD162303604FF09B
:1077D000FF3003B030BD80210192FCF729FF019AF0
:1077E000C5F8180103460028F1D0011F00F17C05FF
:1077F000002041F8040FA942FBD1E0E71F2938B56A
:1078000005461FD8D0F818210C466AB152F821302D
:1078100053B1012B06D0591C10D0002142F824107E
:1078200020469847002038BD284601F09DF82246A2
:1078300001462846BDE8384001F080B816230360B1
:10784000012038BD162303604FF0FF3038BD00BF64
:107850001F292BD8D0F8182138B50C4605469AB107
:1078600052F8243053B1591C0CD0012B08D00025FC
:10787000204642F824509847284638BD012038BD9C
:10788000032038BD022038BD8021FCF7D1FE02461E
:10789000C5F8180138B1031F00217C3043F8041FDC
:1078A0008342FBD1DCE74FF0FF3038BD4FF0FF30B3
:1078B000704700BF38B5144B1F281D681ED8D5F877
:1078C0001821044662B152F820304BB1012B05D08B
:1078D000591C0FD0002142F820109847002038BDD5
:1078E000284601F041F8224601462846BDE83840C6
:1078F00001F024B816232B60012038BD16232B601D
:107900004FF0FF3038BD00BF30000020124B1F2861
:1079100070B51E6809D8D6F8183104460D464BB12B
:1079200053F8240043F8245070BD162333604FF001
:10793000FF3070BD80213046FCF77AFE0346C6F862
:1079400018010028F3D0021F00217C3042F8041FE8
:107950008242FBD1E4E700BF3000002038B50C4B79
:107960001D68D5F818410CB1002038BD802128468B
:10797000FCF75EFEC5F8180138B1031F00F17C0268
:1079800043F8044F9342FBD1EEE74FF0FF3038BD90
:107990003000002038B5174B1F281D6827D8D5F8B0
:1079A000182104469AB152F8243053B1591C0CD016
:1079B000012B08D00025204642F82450984728463D
:1079C00038BD012038BD032038BD022038BD8021DC
:1079D0002846FCF72DFE0246C5F8180138B1031FF2
:1079E00000217C3043F8041F8342FBD1DBE74FF0DA
:1079F000FF3038BD3000002042B110B50B491046B1
:107A0000144600F0BDFF18B9094810BD084870477A
:107A10000749204600F0B4FF0028F5D0054920466C
:107A200000F0AEFF0028EFD0002010BD109B00003A
:107A30000C9B0000A89A0000014B93F828017047A6
:107A40007805002041B110B50C4620460A4900F0E7
:107A500097FF18B9094810BD0848704707492046E4
:107A600000F08EFF0028F5D00549204600F088FF81
:107A70000028EFD0002010BD109B00000C9B0000E0
:107A8000A89A00002DE9F04FA9B0CDE904301C46BA
:107A90000091924618B1436B002B00F0F9850099D4
:107AA000B1F90C204B6E900400F1F48042F40052C6
:107AB00023F400538A814B6612B2170740F1A58068
:107AC000009B1B69002B00F0A08002F01A020A2A1A
:107AD00000F0A98018AB0B930023CDE90C3303937E
:107AE0000DF1600B9AF80030002B00F0C78054466F
:107AF00004E014F8013F002B00F0A480252BF8D1FE
:107B0000B4EB0A0540F0A1802378002B00F0B6808A
:107B100000264FF000026378029604F1010A8DF806
:107B200027204FF0FF380AF1010AA3F12002582A5A
:107B300000F2B780DFE812F06903B500B500640316
:107B4000B500B500B500B500B500B500E9015E03AC
:107B5000B500F4011303B500590359005900590049
:107B6000590059005900590059005900B500B50095
:107B7000B500B500B500B500B500B500B500B5005D
:107B80003403B500B500B500B500B500B500B500CB
:107B9000B500B500B500BA02B500B500B500B50036
:107BA000B5003702B500B5000305B500B500B50056
:107BB000B500B500B500B500B500B500B5001302BD
:107BC000F800B500B500B5000E03F800B500B5002B
:107BD0000602B500F901DC02A703A203B500740395
:107BE000B5009702B500B5002105A3F130020023CE
:107BF00019461AF8013B01EB810102EB4101A3F1A7
:107C00003002092AF5D902918FE7009D059829468F
:107C1000FEF754FD002840D1B5F90C2002F01A02FD
:107C20000A2A7FF457AF009BB3F90E30002BFFF602
:107C300051AF009905982346524629B0BDE8F04F50
:107C400000F0E6BDB4EB0A0518D00D9B2B440D9354
:107C50000C9B0133072BCBE900A50C9305DC0BF142
:107C6000080B039B2B4403934EE7009905980BAA3E
:107C7000FFF756FC30B90DF1600BF2E70D9B002BBE
:107C800040F06285009B9B895B0606D4039829B06F
:107C9000BDE8F08F9B047FF510AF4FF0FF330393E7
:107CA000F4E7002BEAD08DF83830012700238DF857
:107CB00027300EAD0197DDE90C2016F084088446CC
:107CC000134600F06081C1464FF00008B9F1800F03
:107CD00000F09880A8EB0704002C00F3DA80013252
:107CE0003844072ACDE90C20CBF80050CBF80470BB
:107CF00000F30C830BF1080B720705D5DDE90123B6
:107D00009C1A002C00F33183DDE9022301998A4299
:107D1000ACBF9B185B180393002840F0038300233B
:107D20000C930DF1600BDDE6B50600F1F5830498C8
:107D3000F40650F8043B00F14E85049070064CBFE9
:107D400043F3C032DA17104648BF1BB20028314651
:107D500080F238825B4262EB42022D20B8F1000FC4
:107D60008DF8270001DB21F080010A2B72F100045D
:107D700080F033813033DBB28DF85F304346012B26
:107D8000B8BF0123019310B1019B013301930E464B
:107D900001270DF15F05DDE90C2016F0840984460A
:107DA000134600F0F0809DF82730002B8ED0002382
:107DB000069301320DF127030130CBF80030072A7A
:107DC0004FF00103CDE90C20CBF8043000F3C08262
:107DD0000BF1080B069B002B3FF478AF01320AAB86
:107DE0000230CBF80030072A4FF00203CDE90C2017
:107DF000CBF8043000F39F82B9F1800F0BF1080B30
:107E00007FF468AFDDE901135C1A002C7FF762AFE5
:107E1000102CDFF884932ADD59461023D346B2464E
:107E20002E464D46DDF8149004E0103C102C01F174
:107E3000080117DD01321030072AC1E90053CDE9EE
:107E40000C20F2DD00990BAA4846FFF769FB0028D9
:107E50007FF418AF103C102CDDE90C2018A94FF06E
:107E60001003E7DCA94635465646DA468B46013212
:107E70002044072ACDE90C20CBF80090CBF8044031
:107E800000F30A84A8EB0704002C0BF1080B7FF722
:107E900026AF102CDFF8009329DD59464FF010086B
:107EA000CB46B1462E462546059C04E0103D102DDC
:107EB00001F1080116DD0132B74B1030072AC1E984
:107EC0000038CDE90C20F1DD00990BAA2046FFF720
:107ED00027FB00287FF4D6AE103D102DDDE90C20E5
:107EE00018A9E8DC2C4635464E46D9468B46013269
:107EF0002044072ACDE90C20CBF80090CBF80440B1
:107F000000F3B8820BF1080BE9E6049B53F8042B4D
:107F10000292002A80F2BB82029A04935242029299
:107F20009AF8003046F00406FDE5B20640F1F6820C
:107F3000049B039A1B681A60D2175A60049B04338F
:107F40000493CFE59AF800306C2B03BF9AF8013008
:107F500046F020060AF1010A46F01006E3E5049B0C
:107F600000228DF8272053F8042B8DF83820DDE906
:107F70000C20012716F0840804930EAD0197844667
:107F800013467FF4A0AEDDE901410C1B002C00F389
:107F900027829DF82730002B3FF49CAE4FF000095C
:107FA000CDF8189005E7B40646F010015FD4049BA5
:107FB000181D049B00221C688DF82720904523463D
:107FC000C0F2858221F080010490002C64D010461C
:107FD0000A2B72F10004FFF4CDAE704CCDF8048092
:107FE00018AD4FF0CC394FF0050ECDF818B09E18F3
:107FF00046F10006A4FB067C2CF0030707EB9C0768
:10800000F61B9F1B9B46904662F1000309FB07F29B
:1080100004FB0322A7FB043703F0010C3A44ACFB3A
:108020000E7CBF19BBF10A0F4FEA530307F130076B
:1080300078F1000843EAC27305F8017D4FEA520265
:10804000D5D2DDF80480DDF818B018AB5F1BB84559
:108050004346B8BF3B460193002800F03483013308
:1080600001930E4697E6B00640F119823146049B13
:10807000073323F007031C4600205A6854F8083BD6
:108080008DF8270080450494FFF66FAE53EA020492
:1080900021F080017FF469AE0E46B8F1000F40F088
:1080A0009F834746CDF8048018AD74E646F0100271
:1080B000B60621D4049B181D049B00211C688DF872
:1080C000271088452346C0F21A8322F080060490C8
:1080D0003CBBB8F1000F40F07B8316F0010701971D
:1080E00000F0098330238DF85F300DF15F0552E613
:1080F000B50640F1F7813246049B073323F00703AE
:108100001846596800238DF82730B8F1000F50F851
:10811000083B0490C0F2118222F0800653EA01026B
:10812000D7D018AD03F00702DB0843EA4173C90852
:10813000303253EA0104284605F8012DF2D1F10747
:1081400000F1468218AB5F1BB8454346B8BF3B46BB
:10815000019320E69AF8003046F04006E3E45146E9
:1081600011F8013B2A2B00F02683A3F13002092AE3
:1081700098BF4FF0000800F20E8311F8013B08EBA6
:10818000880802EB4808A3F13002092AF5D948EA29
:10819000E8788A46C9E400BF789C0000CDCCCCCCFE
:1081A00046F01001B60640F19581049B073323F099
:1081B00007031A46586852F8083B04920246002802
:1081C000FFF6C8ADB8F1000F9DF82700FFF6CDAD62
:1081D00053EA020421F0800640F0D181B8F1000F8B
:1081E00000F08F8231463023C6E59AF8003046F021
:1081F000800698E42B238DF827309AF8003092E41B
:108200009AF8003046F001068DE49DF827209AF890
:108210000030002A7FF487AC20228DF8272082E4EA
:10822000049C54F8045B00218DF82710002D00F009
:108230004182B8F1000FC0F2AB8142462846FDF7FB
:108240003FFF9DF82730002800F09E82471B27EA59
:10825000E7720192002B00F0A78101320192049491
:10826000DDE90C2016F08408844613463FF48BAEFB
:10827000C1464FF00008CDF818809AE59AF8003012
:1082800046F020064FE4049B002153F8040B8DF8C0
:10829000271047F630028845ADF828200246C0F284
:1082A000468126F0800646F00206002800F00E8285
:1082B000B4480493022418AD02F00F031209C35C02
:1082C00005F8013D42EA0172090952EA0103F3D1BE
:1082D00018AB5F1BB8454346B8BF3B460193002C23
:1082E0003FF459AD019B02330193DDE90C3C16F0DC
:1082F000840960461A467FF471ADDDE901410C1B2B
:10830000002C7FF76BAD022206926BE00099059876
:108310000BAAFFF705F900287FF4B4AC0D980DF116
:10832000600BE9E4009905980BAAFFF7F9F800281B
:108330003FF4F5ACA6E4009905980BAAFFF7F0F816
:1083400000287FF49FACDDE90C200DF1600BBDE44B
:10835000009905980BAAFFF7E3F800287FF492AC88
:10836000DDE90C200DF1600B34E5102C0C9BDFF8DF
:108370001C9222DD059EDDF8008010254F4604E0AA
:10838000103C102C0BF1080B16DD01331030072BBD
:10839000CBE90075CDE90C30F2DD0BAA4146304641
:1083A000FFF7BEF800287FF46DAC103C102CDDE91F
:1083B0000C300DF1600BE8DCB94601332044072B8B
:1083C000CBE90094CDE90C307FF79EAC009905987D
:1083D0000BAAFFF7A5F800287FF454AC0D9893E49E
:1083E00000220692102CDFF8A49160461A462BDD7D
:1083F000079559464D46D346DDF81490B2461023F2
:10840000009E04E0103C102C01F1080117DD013240
:108410001030072AC1E90053CDE90C20F2DD0BAA88
:1084200031464846FFF77CF800287FF42BAC103C1F
:10843000102CDDE90C2018A94FF01003E7DCA94649
:10844000079D5646DA468B4601322044072ACDE97D
:108450000C20CBF80090CBF8044000F3E9809DF8A5
:1084600027300BF1080BBBB9069900293FF432AC59
:108470009946B3E4009905980BAAFFF751F8002834
:108480007FF400ACDDE90C200DF1600B27E40493D0
:108490009AF80030FFF747BB4FF0000989E40498D1
:1084A00016F0100150F8044B40F0978116F040028E
:1084B00000F08280B8F1000F8DF82710A3B20A46B1
:1084C000C0F2818026F08001002B00F02D81049005
:1084D00010467DE5049B181D049B04901B68DA1769
:1084E00010466CE6049850F8043B16F0100402465F
:1084F00040F06C8116F0400100F0F680B8F1000FFA
:1085000021468DF827409BB204DB26F08006002B25
:1085100000F02681049004E6314646E6F30646D490
:10852000770644D5049B039A1B681A8006E5154814
:10853000049346F002060224BDE61646F1E5124811
:1085400016F0200167D0049A073222F00702144681
:10855000516854F8082B049416F001044AD052EAEA
:1085600001047CD10024A0458DF82740FFF6A3AE7E
:1085700026F080063FF495AD9DE60248E0E73146DF
:10858000FFF7F3BB2C9A0000189A0000689C0000CB
:108590002846FAF755FA9DF8273020EAE072074698
:1085A0000192002B7FF459AE0494FFF784BB049B27
:1085B000039A1B681A60C1E4B8F1000F8DF82720F8
:1085C000234680F2AC80049031461046FFF7CDBBC5
:1085D000302A54D03023023805F8013C18AB1F1A5A
:1085E000B8454346049AB8BF3B46019304920546FA
:1085F000FFF7D1BBB8F1000F8DF82740FFF65BAE57
:1086000052EA010326F080067FF455AEB8F1000F60
:108610003FF447AD4FE6049C54F8042B049416F045
:10862000100499D116F040011CBF92B2214693E785
:10863000009905980BAAFEF773FF814600287FF486
:1086400021AB9DF82730DDE90C20002B48D1069B9B
:108650000DF1600B002B7FF4C1ABFFF73BBB8DF836
:10866000293030238DF8283000239845A8BF26F004
:1086700080068DF8273046F0020602241BE618AB70
:108680005F1B47453B46B8BF43460193FFF783BB9B
:10869000FAF77EF9FFF703BA009905980BAAFEF7DF
:1086A0003FFF00287FF4EEAADDE90C200DF1600BFE
:1086B000FFF710BB4746062F28BF06274C4D0197F2
:1086C0000494FFF7F8BA0E46FFF765BBB8F1000F48
:1086D0007FF4EEAD04934746CDF8048018AD01E673
:1086E0000DF1600BFFF765BBB8F1000F8DF8271097
:1086F000BFF60BAF0EE7474618ADFFF74CBB16466B
:1087000008E740BBDDE90C2011F00407844613465E
:108710004CD04746CDF8048018ADFFF7DBBA26F001
:108720008001002C7FF4D3AE0E460490B8F1000F08
:108730003FF4B7AC30238DF85F304346012BB8BF10
:1087400001230193FFF723BB009905980BAAFEF7BD
:10875000E7FEFFF797BA0123474618AD01937FE57F
:10876000B8F1000F03D0002304901946D9E416F0A5
:108770000107019705D030238DF85F300DF15F00C0
:1087800034E7474618A831E753B108F101030494D0
:108790000193474664E58A464FF00008FFF7C5B9E4
:1087A00047460494CDF80480FFF785BACDF80480DD
:1087B00018ADFFF7E8BB049A9AF8013052F8048B21
:1087C00004928A4648EAE878FFF7ADB9324673E486
:1087D00000231946A5E431467EE63146FFF7E9BBA2
:1087E00030238DF85F30CDF80480FFF7D0BA00BF9A
:1087F000409A000010B4054C8446134620685DF88A
:10880000044B0A466146FFF73DB900BF3000002027
:10881000F0B50D468989ADF26C4D21F00201ADF83D
:108820000C101AA9009104914FF4806102910591F6
:10883000696E1991E989ADF80E10E9690791696AC5
:1088400009910021069169460746FFF71BF9061EAC
:108850006C4607DB69463846FDF71CFD002818BF4B
:108860004FF0FF36A3895B0603D5AB8943F0400385
:10887000AB8130460DF26C4DF0BD00BF10B4034C1F
:10888000D4F8E440A4465DF8044B60477805002026
:1088900082B049B15AB16BB113780B601278101ED7
:1088A00018BF012002B0704701A9002AF3D1104679
:1088B00002B070476FF00100F4E700BF70B50C46DE
:1088C000084D03460026204611461C462E6000F047
:1088D0008DFF431C00D070BD2B68002BFBD02360A4
:1088E00070BD00BF140A002010B4034CD4F8E0405F
:1088F000A4465DF8044B60477805002049B1FF2A83
:1089000002D80A70012070478A2303604FF0FF30BD
:1089100070470846704700BF38B5074D002204462F
:1089200008462A6000F072FF431C00D038BD2B6857
:10893000002BFBD0236038BD140A002070B50C4614
:10894000084D03460026204611461C462E6000F0C6
:1089500065FF431C00D070BD2B68002BFBD023604B
:1089600070BD00BF140A002000F048BF00000000E6
:1089700000000000000000000000000000000000F7
:1089800002780B78012A28BF9A4240F0D8806DE91E
:10899000044540EA0104CDE902676FF0000C4FEA9C
:1089A00044721AB380EA010414F0070F6BD100F08F
:1089B000070420F0070004F0030521F007014FEA47
:1089C000C505F0E8042314F0040FF1E804670CFA7D
:1089D00005F462EA040266EA04060BD063EA0403C3
:1089E000624667EA0407664604E000BFF0E8042335
:1089F000F1E8046782FA4CF582EA0604A4FA8CF4E2
:108A00006CBB83FA4CF583EA0705A5FA8CF595B99A
:108A100050E9022351E9026782FA4CF582EA060422
:108A2000A4FA8CF483FA4CF583EA0705A5FA8CF5D1
:108A30002543DBD09CB92DBAB5FA85F424F00704A0
:108A400027FA04F1DDE9026723FA04F303F0FF00DB
:108A500001F0FF01FDE80445A0EB0100704724BAD6
:108A6000B4FA84F424F0070426FA04F1DDE902677D
:108A700022FA04F202F0FF0001F0FF01FDE80445D4
:108A8000A0EB0100704714F0030F3CD110F0030479
:108A900028D150F8082B51F8083B82FA4CF582EAAD
:108AA0000305A5FA8CF55DB950F8042C51F8043C87
:108AB00082FA4CF582EA0305A5FA8CF5002DE8D080
:108AC0002DBAB5FA85F424F0070423FA04F122FA4A
:108AD00004F202F0FF0001F0FF01FDE80445A0EB05
:108AE000010070474FEAC40420F0030050F8082B3F
:108AF00021F0030151F8083B0CFA04F462EA040285
:108B000063EA0403C9E710F003041DD0A1EB0401DC
:108B100020F00300E40750F8042B06D012D28B7823
:108B20005FFAA2F4E41A06D12BB1CB785FFAB2F463
:108B3000E41A00D133B920465DF8104B7047A2EB20
:108B40000300704701F1040150F8042BCC0721F019
:108B5000030151F8043B48D824D222F07F4482FA22
:108B60004CF594EA1325A5FA8CF50AD165B951F8AC
:108B7000043B84EA0204B4EB036F0ED150F8042BDB
:108B8000EBE74FEA132355E035F07F454DD10878E8
:108B9000FDE80445C0F1000070474FEA126203F09F
:108BA000FF0347E002EA1C4482FA4CF594EA1345BD
:108BB000A5FA8CF50AD165B951F8043B84EA0204A0
:108BC000B4EB034F0CD150F8042BEBE74FEA1343FF
:108BD00030E015EA1C4528D10B884FEA124229E003
:108BE0004FEA124203EA1C4324E002F0FF0482FA37
:108BF0004CF594EA1365A5FA8CF50AD165B951F8DC
:108C0000043B84EA0204B4EB032F09D150F8042B8F
:108C1000EBE74FEA13630DE015F0FF0F05D10B688A
:108C20004FEA122223F07F4304E04FF00000FDE8FA
:108C30000445704712BA1BBA82FA4CF482EA030464
:108C4000A4FA8CF5B5FA85F402FA04F203FA04F3F7
:108C50004FEA1260FDE80445A0EB1360704700BFC7
:108C600070B54FF0FF0C4CF4E06C1CEA11541DBFC2
:108C70001CEA135594EA0C0F95EA0C0F00F0DEF88D
:108C80002C4481EA030621EA4C5123EA4C5350EA72
:108C9000013518BF52EA033541F4801143F48013C3
:108CA00038D0A0FB02CE4FF00005E1FB02E506F054
:108CB0000042E0FB03E54FF00006E1FB03569CF0A9
:108CC000000F18BF4EF0010EA4F1FF04B6F5007FAF
:108CD00064F5407404D25FEA4E0E6D4146EB060621
:108CE00042EAC62141EA55514FEAC52040EA5E50AA
:108CF0004FEACE2EB4F1FD0C88BFBCF5E06F1ED854
:108D0000BEF1004F08BF5FEA500E50F1000041EB8A
:108D1000045170BD06F0004646EA010140EA020037
:108D200081EA0301B4EB5C04C2BFD4EB0C0541EA59
:108D3000045170BD41F480114FF0000E013C00F36E
:108D4000AB8014F1360FDEBF002001F0004170BD92
:108D5000C4F10004203C35DA0C341BDC04F11404AB
:108D6000C4F1200500FA05F320FA04F001FA05F237
:108D700040EA020001F0004221F0004110EBD37004
:108D800021FA04F642EB06015EEA430E08BF20EA30
:108D9000D37070BDC4F10C04C4F1200500FA04F3D3
:108DA00020FA05F001FA04F240EA020001F0004165
:108DB00010EBD37041F100015EEA430E08BF20EAD8
:108DC000D37070BDC4F1200500FA05F24EEA020E20
:108DD00020FA04F301FA05F243EA020321FA04F04F
:108DE00001F0004121FA04F220EA020000EBD37006
:108DF0005EEA430E08BF20EAD37070BD94F0000F06
:108E00000FD101F00046400041EB010111F4801F39
:108E100008BF013CF7D041EA060195F0000F18BFEA
:108E2000704703F00046520043EB030313F4801F26
:108E300008BF013DF7D043EA0603704794EA0C0FE0
:108E40000CEA135518BF95EA0C0F0CD050EA4106F6
:108E500018BF52EA4306D1D181EA030101F0004173
:108E60004FF0000070BD50EA410606BF104619469B
:108E700052EA430619D094EA0C0F02D150EA0136A7
:108E800013D195EA0C0F05D152EA03361CBF1046E8
:108E900019460AD181EA030101F0004141F0FE4187
:108EA00041F470014FF0000070BD41F0FE4141F40B
:108EB000780170BD81F0004102E000BF83F0004303
:108EC00030B54FEA41044FEA430594EA050F08BF65
:108ED00090EA020F1FBF54EA000C55EA020C7FEA29
:108EE000645C7FEA655C00F0E2804FEA5454D4EBA6
:108EF0005555B8BF6D420CDD2C4480EA020281EA70
:108F0000030382EA000083EA010180EA020281EAA7
:108F10000303362D88BF30BD11F0004F4FEA0131F9
:108F20004FF4801C4CEA113102D0404261EB410108
:108F300013F0004F4FEA03334CEA133302D052428E
:108F400063EB430394EA050F00F0A780A4F101044A
:108F5000D5F1200E0DDB02FA0EFC22FA05F2801884
:108F600041F1000103FA0EF2801843FA05F359416A
:108F70000EE0A5F120050EF1200E012A03FA0EFCE9
:108F800028BF4CF0020C43FA05F3C01851EBE37113
:108F900001F0004507D54FF0000EDCF1000C7EEB30
:108FA00000006EEB0101B1F5801F1BD3B1F5001F6E
:108FB0000CD349085FEA30004FEA3C0C04F101048D
:108FC0004FEA445212F5800F80F09A80BCF1004FB6
:108FD00008BF5FEA500C50F1000041EB045141EA38
:108FE000050130BD5FEA4C0C404141EB0101013C01
:108FF00028BFB1F5801FE9D291F0000F04BF0146F0
:109000000020B1FA81F308BF2033A3F10B03B3F1C1
:1090100020020CDA0C3208DD02F1140CC2F10C0251
:1090200001FA0CF021FA02F10CE002F11402D8BFAF
:10903000C2F1200C01FA02F120FA0CFCDCBF41EA7B
:109040000C019040E41AA2BF01EB0451294330BD4A
:109050006FEA04041F3C1CDA0C340EDC04F1140427
:10906000C4F1200220FA04F001FA02F340EA0300FE
:1090700021FA04F345EA030130BDC4F10C04C4F144
:10908000200220FA02F001FA04F340EA0300294624
:1090900030BD21FA04F0294630BD94F0000F83F46E
:1090A000801306BF81F480110134013D4EE77FEA51
:1090B000645C18BF7FEA655C29D094EA050F08BF9D
:1090C00090EA020F05D054EA000C04BF194610467E
:1090D00030BD91EA030F1EBF0021002030BD5FEAC2
:1090E000545C05D14000494128BF41F0004130BDEA
:1090F00014F580043CBF01F5801130BD01F000453E
:1091000045F0FE4141F470014FF0000030BD7FEAB0
:10911000645C1ABF194610467FEA655C1CBF0B46AB
:10912000024650EA013406BF52EA033591EA030FC2
:1091300041F4002130BD00BF90F0000F04BF0021BA
:10914000704730B54FF4806404F132044FF00005ED
:109150004FF0000150E700BF90F0000F04BF002166
:10916000704730B54FF4806404F1320410F00045CC
:1091700048BF40424FF000013EE700BF42004FEAC7
:10918000E2014FEA31014FEA02701FBF12F07F4344
:1091900093F07F4F81F06051704732F07F4208BFFB
:1091A000704793F07F4F04BF41F40021704730B502
:1091B0004FF4607401F0004521F000411CE700BF4E
:1091C00050EA010208BF704730B54FF000050AE0D1
:1091D00050EA010208BF704730B511F0004502D5D2
:1091E000404261EB41014FF4806404F132045FEAD4
:1091F000915C3FF4D8AE4FF003025FEADC0C18BF7D
:1092000003325FEADC0C18BF033202EBDC02C2F16E
:10921000200300FA03FC20FA02F001FA03FE40EA00
:109220000E0021FA02F11444BDE600BF70B54FF004
:10923000FF0C4CF4E06C1CEA11541DBF1CEA1355E2
:1092400094EA0C0F95EA0C0F00F0DEF82C4481EA4A
:10925000030621EA4C5123EA4C5350EA013518BF6A
:1092600052EA033541F4801143F4801338D0A0FB57
:1092700002CE4FF00005E1FB02E506F00042E0FB04
:1092800003E54FF00006E1FB03569CF0000F18BF0A
:109290004EF0010EA4F1FF04B6F5007F64F54074B2
:1092A00004D25FEA4E0E6D4146EB060642EAC62145
:1092B00041EA55514FEAC52040EA5E504FEACE2EB2
:1092C000B4F1FD0C88BFBCF5E06F1ED8BEF1004FB5
:1092D00008BF5FEA500E50F1000041EB045170BD31
:1092E00006F0004646EA010140EA020081EA030175
:1092F000B4EB5C04C2BFD4EB0C0541EA045170BD71
:1093000041F480114FF0000E013C00F3AB8014F1EA
:10931000360FDEBF002001F0004170BDC4F1000433
:10932000203C35DA0C341BDC04F11404C4F12005B4
:1093300000FA05F320FA04F001FA05F240EA02000F
:1093400001F0004221F0004110EBD37021FA04F645
:1093500042EB06015EEA430E08BF20EAD37070BDFF
:10936000C4F10C04C4F1200500FA04F320FA05F05E
:1093700001FA04F240EA020001F0004110EBD37060
:1093800041F100015EEA430E08BF20EAD37070BDD0
:10939000C4F1200500FA05F24EEA020E20FA04F3A9
:1093A00001FA05F243EA020321FA04F001F0004158
:1093B00021FA04F220EA020000EBD3705EEA430EC9
:1093C00008BF20EAD37070BD94F0000F0FD101F0F8
:1093D0000046400041EB010111F4801F08BF013C31
:1093E000F7D041EA060195F0000F18BF704703F06F
:1093F0000046520043EB030313F4801F08BF013DF6
:10940000F7D043EA0603704794EA0C0F0CEA1355B1
:1094100018BF95EA0C0F0CD050EA410618BF52EA6B
:109420004306D1D181EA030101F000414FF0000071
:1094300070BD50EA410606BF1046194652EA43067F
:1094400019D094EA0C0F02D150EA013613D195EAF3
:109450000C0F05D152EA03361CBF104619460AD13B
:1094600081EA030101F0004141F0FE4141F4700145
:109470004FF0000070BD41F0FE4141F4780170BD35
:1094800070B54FF0FF0C4CF4E06C1CEA11541DBF9A
:109490001CEA135594EA0C0F95EA0C0F00F0A7F89C
:1094A000A4EB050481EA030E52EA03354FEA0131C9
:1094B00000F088804FEA03334FF0805545EA1313DC
:1094C00043EA12634FEA022245EA111545EA1065A4
:1094D0004FEA00260EF000419D4208BF964244F13B
:1094E000FD0404F5407402D25B084FEA3202B61A5A
:1094F00065EB03055B084FEA32024FF480104FF42E
:10950000002CB6EB020E75EB030E22BFB61A7546A1
:1095100040EA0C005B084FEA3202B6EB020E75EB34
:10952000030E22BFB61A754640EA5C005B084FEA9C
:109530003202B6EB020E75EB030E22BFB61A754669
:1095400040EA9C005B084FEA3202B6EB020E75EB74
:10955000030E22BFB61A754640EADC0055EA060E35
:1095600018D04FEA051545EA16754FEA06164FEA78
:10957000C30343EA52734FEAC2025FEA1C1CC0D124
:1095800011F4801F0BD141EA00014FF000004FF0B1
:10959000004CB6E711F4801F04BF01430020B4F172
:1095A000FD0C88BFBCF5E06F3FF6AFAEB5EB030C2A
:1095B00004BFB6EB020C5FEA500C50F1000041EB27
:1095C000045170BD0EF0004E4EEA113114EB5C04F4
:1095D000C2BFD4EB0C0541EA045170BD41F48011C7
:1095E0004FF0000E013C90E645EA060E8DE60CEACF
:1095F000135594EA0C0F08BF95EA0C0F3FF43BAFEC
:1096000094EA0C0F0AD150EA01347FF434AF95EAA2
:109610000C0F7FF425AF104619462CE795EA0C0F86
:1096200006D152EA03353FF4FDAE1046194622E753
:1096300050EA410618BF52EA43067FF4C5AE50EA2D
:1096400041047FF40DAF52EA43057FF4EBAE12E71D
:109650004FF0FF3C06E000BF4FF0010C02E000BFFE
:109660004FF0010C4DF804CD4FEA410C7FEA6C5CE1
:109670004FEA430C18BF7FEA6C5C1BD001B050EA84
:10968000410C0CBF52EA430C91EA030F02BF90EA6F
:10969000020F0020704710F1000F91EA030F58BF2E
:1096A000994208BF90422CBFD8176FEAE37040F090
:1096B000010070474FEA410C7FEA6C5C02D150EA2E
:1096C000013C07D14FEA430C7FEA6C5CD6D152EAE9
:1096D000033CD3D05DF8040B704700BF84461046AE
:1096E00062468C461946634600E000BF01B5FFF7AD
:1096F000B7FF002848BF10F1000F01BD4DF808ED7D
:10970000FFF7F4FF0CBF012000205DF808FB00BF4D
:109710004DF808EDFFF7EAFF34BF012000205DF8A7
:1097200008FB00BF4DF808EDFFF7E0FF94BF0120F4
:1097300000205DF808FB00BF4DF808EDFFF7CEFFF5
:1097400094BF012000205DF808FB00BF4DF808ED34
:10975000FFF7C4FF34BF012000205DF808FB00BF05
:109760004FEA410C7FEA6C5C02D150EA013C0AD11D
:109770004FEA430C7FEA6C5C02D152EA033C02D10F
:109780004FF0000070474FF0010070474FEA410270
:1097900012F5001215D211D56FF47873B3EB625243
:1097A00012D94FEAC12343F0004343EA505311F06A
:1097B000004F23FA02F018BF404270474FF00000FC
:1097C000704750EA013005D111F0004008BF6FF03A
:1097D000004070474FF00000704700BF024B582216
:1097E0001A604FF0FF307047140A0020024B5822D5
:1097F0001A604FF0FF307047140A0020024B5822C5
:109800001A604FF0FF307047140A0020024B5822B4
:109810001A600020704700BF140A0020024B582233
:109820001A604FF0FF307047140A0020024B582294
:109830001A604FF0FF307047140A0020024B582284
:109840001A604FF0FF307047140A0020044A05499F
:109850001368002B08BF0B46184410601846704769
:109860001C0A0020200A0020024B58221A604FF0E8
:10987000FF307047140A0020FEE700BFF8B500BFB4
:10988000F8BC08BC9E467047F8B500BFF8BC08BCE1
:109890009E4670473E410C411141274136410341EC
:1098A000064115410F410E41264113412941024114
:1098B00019410A410B41000050422E3220494E54BA
:1098C000206F636375727265642E0000556E2D659E
:1098D0007870656374656420696E74657272757002
:1098E00074732E0050432E3520494E54206F63630D
:1098F00075727265642E00000A0A4350552040209C
:10990000256420487A0A00002B2D2D2D2D2D2D2D7C
:109910002D2D2D2D2D2D2D2D2D2D2D2D2D2D2D2D77
:109920002D2D2D2D2D2D2D2D2D2D2D2D2D2D2D2D67
:109930002D2D2D2D2D2D2D2D2D2B00007C2020208B
:10994000204750494F2050422E3220616E642050F3
:10995000432E3520496E74657272757074205361A0
:109960006D706C6520436F6465202020207C0000B2
:109970002B2D2D2D2D2D2D2D2D2D2D2D2D2D2D2D19
:109980002D2D2D2D2D2D2D2D2D2D2D2D2D2D2D2D07
:109990002D2D2D2D2D2D2D2D2D2D2D2D2D2D2D2DF7
:1099A0002D2B0A0050422E3220616E642050432E2F
:1099B0003520617265207573656420746F2074654D
:1099C000737420696E74657272757074202E2E2EF9
:1099D0002E2E2E00000000000400000008000000F1
:1099E0000C00000000000000040000000C0000005B
:1099F00010000000001BB700000000000080000005
:109A0000001BB7000A000000494E4600696E660060
:109A10004E414E006E616E00303132333435363790
:109A2000383941424344454600000000303132336A
:109A3000343536373839616263646566000000008A
:109A4000286E756C6C29000030000000496E666954
:109A50006E697479000000004E614E0042616C6CCA
:109A60006F6320737563636565646564000000005F
:109A70002E2E2F2E2E2F2E2E2F2E2E2F2E2E2F2E01
:109A80002E2F6E65776C69622F6C6962632F737419
:109A9000646C69622F64746F612E63002C2066759C
:109AA0006E6374696F6E3A20000000006173736525
:109AB0007274696F6E2022257322206661696C655D
:109AC000643A2066696C6520222573222C206C691B
:109AD0006E65202564257325730A00002E2E2F2E17
:109AE0002E2F2E2E2F2E2E2F2E2E2F2E2E2F6E651A
:109AF000776C69622F6C6962632F7374646C69623E
:109B00002F6D707265632E6300000000430000003B
:109B1000504F5349580000002E0000002020202004
:109B200020202020202020202020202030303030F5
:109B300030303030303030303030303000000000E5
:109B400005000000190000007D000000000000007A
:109B5000000000000000F03F000000000000244072
:109B600000000000000059400000000000408F404D
:109B7000000000000088C34000000000006AF840B8
:109B80000000000080842E4100000000D0126341DC
:109B90000000000084D797410000000065CDCD4152
:109BA000000000205FA00242000000E87648374233
:109BB000000000A2941A6D42000040E59C30A242D1
:109BC0000000901EC4BCD64200003426F56B0C4346
:109BD0000080E03779C3414300A0D88557347643ED
:109BE00000C84E676DC1AB43003D9160E458E1434E
:109BF000408CB5781DAF154450EFE2D6E41A4B44C3
:109C000092D54D06CFF08044F64AE1C7022DB54407
:109C1000B49DD9794378EA44BC89D897B2D29C3CA8
:109C200033A7A8D523F649393DA7F444FD0FA53243
:109C30009D978CCF08BA5B25436FAC642806C80A91
:109C40000080E03779C34143176E05B5B5B8934638
:109C5000F5F93FE9034F384D321D30F94877825A04
:109C60003CBF737FDD4F1575202020202020202051
:109C70002020202020202020303030303030303064
:109C80003030303030303030002020202020202074
:109C9000202028282828282020202020202020209C
:109CA00020202020202020202088101010101010AC
:109CB00010101010101010101004040404040404F8
:109CC0000404041010101010101041414141414192
:109CD0000101010101010101010101010101010174
:109CE0000101010110101010101042424242424284
:109CF0000202020202020202020202020202020244
:109D000002020202101010102000000000000000EB
:109D10000000000000000000000000000000000043
:109D20000000000000000000000000000000000033
:109D30000000000000000000000000000000000023
:109D40000000000000000000000000000000000013
:109D50000000000000000000000000000000000003
:109D600000000000000000000000000000000000F3
:109D700000000000000000000000000000000000E3
:109D80000000000000000000000000003E410C4107
:109D90001141274136410341064115410F410E4112
:109DA000264113412941024119410A410B4100005A
:049DB00000000000AF
:089DB400C864FF7F01000000FC
:109DBC0000000000001BB7000C000000001BB700E7
:109DCC00001BB700008000000000000010270000FE
:109DDC00000000000000000000000000001BB700A5
:109DEC0038000020000000000000000010070020D8
:109DFC0078070020E00700200000000000000000B1
:109E0C000000000000000000000000000000000046
:109E1C000000000000000000000000000000000036
:109E2C000000000000000000000000000000000026
:109E3C000000000000000000000000000000000016
:109E4C000000000000000000000000000000000006
:109E5C0000000000000000000000000000000000F6
:109E6C0000000000000000000000000000000000E6
:109E7C0000000000000000000000000000000000D6
:109E8C0001000000000000000E33CDAB34126DE673
:109E9C00ECDE05000B0000000000000000000000DC
:109EAC0000000000000000000000000000000000A6
:109EBC000000000000000000000000000000000096
:109ECC000000000000000000000000000000000086
:109EDC000000000000000000000000000000000076
:109EEC000000000000000000000000000000000066
:109EFC000000000000000000000000000000000056
:109F0C000000000000000000000000000300000042
:109F1C0010070020000000000000000000000000FE
:109F2C0068010020680100207001002070010020F1
:109F3C0078010020780100208001002080010020A1
:109F4C008801002088010020900100209001002051
:109F5C009801002098010020A0010020A001002001
:109F6C00A8010020A8010020B0010020B0010020B1
:109F7C00B8010020B8010020C0010020C001002061
:109F8C00C8010020C8010020D0010020D001002011
:109F9C00D8010020D8010020E0010020E0010020C1
:109FAC00E8010020E8010020F0010020F001002071
:109FBC00F8010020F801002000020020000200201F
:109FCC0008020020080200201002002010020020CD
:109FDC00180200201802002020020020200200207D
:109FEC00280200202802002030020020300200202D
:109FFC0038020020380200204002002040020020DD
:10A00C00480200204802002050020020500200208C
:10A01C00580200205802002060020020600200203C
:10A02C0068020020680200207002002070020020EC
:10A03C00780200207802002080020020800200209C
:10A04C00880200208802002090020020900200204C
:10A05C009802002098020020A0020020A0020020FC
:10A06C00A8020020A8020020B0020020B0020020AC
:10A07C00B8020020B8020020C0020020C00200205C
:10A08C00C8020020C8020020D0020020D00200200C
:10A09C00D8020020D8020020E0020020E0020020BC
:10A0AC00E8020020E8020020F0020020F00200206C
:10A0BC00F8020020F802002000030020000300201A
:10A0CC0008030020080300201003002010030020C8
:10A0DC001803002018030020200300202003002078
:10A0EC002803002028030020300300203003002028
:10A0FC0038030020380300204003002040030020D8
:10A10C004803002048030020500300205003002087
:10A11C005803002058030020600300206003002037
:10A12C0068030020680300207003002070030020E7
:10A13C007803002078030020800300208003002097
:10A14C008803002088030020900300209003002047
:10A15C009803002098030020A0030020A0030020F7
:10A16C00A8030020A8030020B0030020B0030020A7
:10A17C00B8030020B8030020C0030020C003002057
:10A18C00C8030020C8030020D0030020D003002007
:10A19C00D8030020D8030020E0030020E0030020B7
:10A1AC00E8030020E8030020F0030020F003002067
:10A1BC00F8030020F8030020000400200004002015
:10A1CC0008040020080400201004002010040020C3
:10A1DC001804002018040020200400202004002073
:10A1EC002804002028040020300400203004002023
:10A1FC0038040020380400204004002040040020D3
:10A20C004804002048040020500400205004002082
:10A21C005804002058040020600400206004002032
:10A22C0068040020680400207004002070040020E2
:10A23C007804002078040020800400208004002092
:10A24C008804002088040020900400209004002042
:10A25C009804002098040020A0040020A0040020F2
:10A26C00A8040020A8040020B0040020B0040020A2
:10A27C00B8040020B8040020C0040020C004002052
:10A28C00C8040020C8040020D0040020D004002002
:10A29C00D8040020D8040020E0040020E0040020B2
:10A2AC00E8040020E8040020F0040020F004002062
:10A2BC00F8040020F8040020000500200005002010
:10A2CC0008050020080500201005002010050020BE
:10A2DC00180500201805002020050020200500206E
:10A2EC00280500202805002030050020300500201E
:10A2FC0038050020380500204005002040050020CE
:10A30C00480500204805002050050020500500207D
:10A31C00580500205805002060050020600500202D
:10A32C00FFFFFFFF000002004300000000000000E0
:10A33C000000000000000000000000000000000011
:10A34C0000000000000000004300000000000000BE
:10A35C0000000000000000000000000000000000F1
:10A36C00000000000000000043000000000000009E
:10A37C0000000000000000000000000000000000D1
:10A38C00000000000000000043000000000000007E
:10A39C0000000000000000000000000000000000B1
:10A3AC00000000000000000043000000000000005E
:10A3BC000000000000000000000000000000000091
:10A3CC00000000000000000043000000000000003E
:10A3DC000000000000000000000000000000000071
:10A3EC00000000000000000043000000000000001E
:10A3FC000000000000000000000000000000000051
:10A40C000000000000000000FD88000091880000A2
:10A41C0000000000889C0000189B0000A89A000017
:10A42C00A89A0000A89A0000A89A0000A89A000018
:10A43C00A89A0000A89A0000A89A0000A89A000008
:10A44C00FFFFFFFFFFFFFFFFFFFFFFFFFFFF00000E
:10A45C000100415343494900000000000000000086
:10A46C0000000000000000000000000000000000E0
:10A47C000000415343494900000000000000000067
:10A48C0000000000000000000000000000000000C0
:10A49C0000000000A16000005D0200003502000019
:0400000300002005D4
:00000001FF
